OS0028,ZAYED UNIVERSITY,AE,LIAISON,ZAYED UNIVERSITY,ZAYED UNIVERSITY,UNIVERSITY 
FR3345,UNITED ARAB EMIRATES UNIVERSITY,AE,LIAISON,UNITED ARAB EMIRATES UNIVERSITY,UNITED ARAB EMIRATES UNIVERSITY,UNIVERSITY 
FR3347,CENTRE FOR AMERICAN EDUCATION,AE,LIAISON,CENTRE AMERICAN EDUCATION ,CENTRE FOR AMERICAN EDUCATION,
OS0034,ABU DHABI UNIVERSITY,AE,LIAISON,ABU DHABI UNIVERSITY,ABU DHABI UNIVERSITY,UNIVERSITY 
OS0039,HULT INTERNATIONAL BUSINESS SCHOOL - DUBAI,AE,LIAISON,HULT INTERNATIONAL BUSINESS DUBAI SCHOOL,HULT INTERNATIONAL BUSINESS SCHOOL - DUBAI,SCHOOL 
DNT755,AJMAN UNIVERSITY OF SCIENCE AND TECHNOLOGY - FACULTY OF DENTISTRY,AE,LIAISON,AJMAN SCIENCE TECHNOLOGY FACULTY DENTISTRY UNIVERSITY,AJMAN UNIVERSITY OF SCIENCE AND TECHNOLOGY - FACULTY OF DENTISTRY,UNIVERSITY 
OS0029,AMERICAN UNIVERSITY IN DUBAI,AE,LIAISON,AMERICAN DUBAI UNIVERSITY,AMERICAN UNIVERSITY IN DUBAI,UNIVERSITY 
OS0024,AMERICAN UNIVERSITY OF SHARJAH,AE,LIAISON,AMERICAN SHARJAH UNIVERSITY,AMERICAN UNIVERSITY OF SHARJAH,UNIVERSITY 
FR3344,AJMAN UNIVERSITY OF SCIENCE AND TECHNOLOGY,AE,LIAISON,AJMAN SCIENCE TECHNOLOGY UNIVERSITY,AJMAN UNIVERSITY OF SCIENCE AND TECHNOLOGY,UNIVERSITY 
FR0114,VIENNA INTERNATIONAL SCHOOL,AU,LIAISON,VIENNA INTERNATIONAL SCHOOL,VIENNA INTERNATIONAL SCHOOL,SCHOOL 
FR0116,MEDIZINISCHE UNIVERSITAT WIEN,AU,LIAISON,MEDIZINISCHE UNIVERSITAT WIEN UNIVERSITY,MEDIZINISCHE UNIVERSITAT WIEN,UNIVERSITY 
FR0103,UNIVERSITAT KARL-FRANZENS,AU,LIAISON,UNIVERSITAT KARLFRANZENS ,UNIVERSITAT KARL-FRANZENS,
FR0108,UNIVERSITAT SALZBURG,AU,LIAISON,UNIVERSITAT SALZBURG ,UNIVERSITAT SALZBURG,
DNT118,UNIVERSITTSKLINIK FUR ZMK GRAZ,AU,LIAISON,UNIVERSITTSKLINIK FUR ZMK GRAZ ,UNIVERSITTSKLINIK FUR ZMK GRAZ,
DNT119,UNIVERSITTSKLINIK FUR ZMK INNSBRUCK,AU,LIAISON,UNIVERSITTSKLINIK FUR ZMK INNSBRUCK ,UNIVERSITTSKLINIK FUR ZMK INNSBRUCK,
DNT120,UNIVERSITTSKLINIK FUR ZMK WIEN,AU,LIAISON,UNIVERSITTSKLINIK FUR ZMK WIEN ,UNIVERSITTSKLINIK FUR ZMK WIEN,
FR0102,TECHNICAL UNIVERSITY GRAZ,AU,LIAISON,TECHNICAL GRAZ UNIVERSITY,TECHNICAL UNIVERSITY GRAZ,UNIVERSITY 
FR0112,TECHNICAL UNIVERSITY OF VIENNA,AU,LIAISON,TECHNICAL VIENNA UNIVERSITY,TECHNICAL UNIVERSITY OF VIENNA,UNIVERSITY 
FR0105,UNIVERSITY OF INNSBRUCK,AU,LIAISON,INNSBRUCK UNIVERSITY,UNIVERSITY OF INNSBRUCK,UNIVERSITY 
FR0107,UNIVERSITY OF LINZ,AU,LIAISON,LINZ UNIVERSITY,UNIVERSITY OF LINZ,UNIVERSITY 
FR0113,UNIVERSITY OF VIENNA,AU,LIAISON,VIENNA UNIVERSITY,UNIVERSITY OF VIENNA,UNIVERSITY 
FR0110,BUNDESGYMNASIUM XVI,AU,LIAISON,BUNDESGYMNASIUM XVI ,BUNDESGYMNASIUM XVI,
FR0104,"AKADEMISCHES GYMANIUM, INNSBRUCK",AU,LIAISON,AKADEMISCHES GYMANIUM INNSBRUCK ,"AKADEMISCHES GYMANIUM, INNSBRUCK",
FR0109,AUSTRO-AMERICAN INSTITUTE,AU,LIAISON,AUSTROAMERICAN INSTITUTE,AUSTRO-AMERICAN INSTITUTE,INSTITUTE 
FR0111,INSTITUT FUR EUROPAISCHE STUDIEN,AU,LIAISON,INSTITUT FUR EUROPAISCHE STUDIEN ,INSTITUT FUR EUROPAISCHE STUDIEN,
FR0106,JOHANNES KEPLER UNIVERSITY,AU,LIAISON,JOHANNES KEPLER UNIVERSITY,JOHANNES KEPLER UNIVERSITY,UNIVERSITY 
FR0101,KARL-FRANZENS UNIVERSITAT,AU,LIAISON,KARLFRANZENS UNIVERSITAT UNIVERSITY,KARL-FRANZENS UNIVERSITAT,UNIVERSITY 
FR0115,VIENNA LAW UNIVERSITY,AU,LIAISON,VIENNA LAW UNIVERSITY,VIENNA LAW UNIVERSITY,UNIVERSITY 
FR0148,BARBADOS COMMUNITY COLLEGE,BB,LIAISON,BARBADOS COMMUNITY COLLEGE,BARBADOS COMMUNITY COLLEGE,COLLEGE 
FR0179,UNIVERSITY OF BOTSWANA,BC,LIAISON,BOTSWANA UNIVERSITY,UNIVERSITY OF BOTSWANA,UNIVERSITY 
FR0122,COLLEGE OF THE BAHAMAS,BF,LIAISON,THE BAHAMAS COLLEGE,COLLEGE OF THE BAHAMAS,COLLEGE 
FR0174,UNIVERSITY COLLEGE OF BELIZE,BH,LIAISON,BELIZE UNIVERSITY COLLEGE,UNIVERSITY COLLEGE OF BELIZE,UNIVERSITY COLLEGE 
FR0172,BELIZE TECHNICAL COLLEGE,BH,LIAISON,BELIZE TECHNICAL COLLEGE,BELIZE TECHNICAL COLLEGE,COLLEGE 
FR0173,SAINT JOHNS COLLEGE (BELIZE),BH,LIAISON,SAINT JOHNS (BELIZE) COLLEGE,SAINT JOHNS COLLEGE (BELIZE),COLLEGE 
FR0177,UNIVERSITY CATOLICA BOLIVIANA,BL,LIAISON,CATOLICA BOLIVIANA UNIVERSITY,UNIVERSITY CATOLICA BOLIVIANA,UNIVERSITY 
FR0178,UNIVERSITY OF SAN SIMON,BL,LIAISON,SAN SIMON UNIVERSITY,UNIVERSITY OF SAN SIMON,UNIVERSITY 
DNT131,UNIVERSIDAD AUTONOMA JUAN MISAEL SARACHO - FACULTAD DE ODONTOLOGA,BL,LIAISON,UNIVERSIDAD AUTONOMA JUAN MISAEL SARACHO FACULTAD DE ODONTOLOGA ,UNIVERSIDAD AUTONOMA JUAN MISAEL SARACHO - FACULTAD DE ODONTOLOGA,
FR0176,UNIVERSIDAD MUNDIAL,BL,LIAISON,UNIVERSIDAD MUNDIAL ,UNIVERSIDAD MUNDIAL,
DNT135,UNIVERSIDAD MAYOR - REAL Y PONTIFICIA DE SAN FRANCISCO XAVIER DE CHUQUISACA - FACULTAD DE ODONTOLOGA,BL,LIAISON,UNIVERSIDAD MAYOR REAL Y PONTIFICIA DE SAN FRANCISCO XAVIER DE CHUQUISACA FACULTAD DE ODONTOLOGA ,UNIVERSIDAD MAYOR - REAL Y PONTIFICIA DE SAN FRANCISCO XAVIER DE CHUQUISACA - FACULTAD DE ODONTOLOGA,
DNT133,UNIVERSIDAD MAYOR DE SAN ANDRES - FACULTAD DE ODONTOLOGIA,BL,LIAISON,UNIVERSIDAD MAYOR DE SAN ANDRES FACULTAD DE ODONTOLOGIA ,UNIVERSIDAD MAYOR DE SAN ANDRES - FACULTAD DE ODONTOLOGIA,
DNT134,UNIVERSIDAD MAYOR DE SAN SIMON - FACULTAD DE ODONTOLOGIA,BL,LIAISON,UNIVERSIDAD MAYOR DE SAN SIMON FACULTAD DE ODONTOLOGIA ,UNIVERSIDAD MAYOR DE SAN SIMON - FACULTAD DE ODONTOLOGIA,
DNT132,UNIVERSIDAD DE SAN FRANCISCO XAVIER - FACULTAD DE ODONTOLOGA,BL,LIAISON,UNIVERSIDAD DE SAN FRANCISCO XAVIER FACULTAD DE ODONTOLOGA ,UNIVERSIDAD DE SAN FRANCISCO XAVIER - FACULTAD DE ODONTOLOGA,
FR0276,YANGON TECHNOLOGICAL UNIVERSITY,BM,LIAISON,YANGON TECHNOLOGICAL UNIVERSITY,YANGON TECHNOLOGICAL UNIVERSITY,UNIVERSITY 
FR0271,UNIVERSITY OF MANDALAY,BM,LIAISON,MANDALAY UNIVERSITY,UNIVERSITY OF MANDALAY,UNIVERSITY 
FR0273,RANGOON UNIVERSITY,BM,LIAISON,RANGOON UNIVERSITY,RANGOON UNIVERSITY,UNIVERSITY 
FR0270,MYANMAR INSTITUTE OF THEOLOGY,BM,LIAISON,MYANMAR THEOLOGY INSTITUTE,MYANMAR INSTITUTE OF THEOLOGY,INSTITUTE 
FR2524,"INSTITUTE OF MEDICINE, MYANMAR",BM,LIAISON,MEDICINE MYANMAR INSTITUTE,"INSTITUTE OF MEDICINE, MYANMAR",INSTITUTE 
FR0274,HOLY CROSS THEOLOGICAL COLLEGE,BM,LIAISON,HOLY CROSS THEOLOGICAL COLLEGE,HOLY CROSS THEOLOGICAL COLLEGE,COLLEGE 
DNT576,INSTITUTE OF DENTAL MEDICINE,BM,LIAISON,DENTAL MEDICINE INSTITUTE,INSTITUTE OF DENTAL MEDICINE,INSTITUTE 
FR0275,INSTITUTE OF ECONOMICS,BM,LIAISON,ECONOMICS INSTITUTE,INSTITUTE OF ECONOMICS,INSTITUTE 
FR0272,MYITKYINA UNIVERSITY,BM,LIAISON,MYITKYINA UNIVERSITY,MYITKYINA UNIVERSITY,UNIVERSITY 
DNT124,VITEBSK STATE MEDICAL UNIVERSITY - FACULTY OF STOMATOLOGY,BO,LIAISON,VITEBSK STATE MEDICAL FACULTY STOMATOLOGY UNIVERSITY,VITEBSK STATE MEDICAL UNIVERSITY - FACULTY OF STOMATOLOGY,UNIVERSITY 
FR0149,GOMEL STATE UNIVERSITY,BO,LIAISON,GOMEL STATE UNIVERSITY,GOMEL STATE UNIVERSITY,UNIVERSITY 
FR0152,MINSK MEDICAL INSTITUTE,BO,LIAISON,MINSK MEDICAL INSTITUTE,MINSK MEDICAL INSTITUTE,INSTITUTE 
DNT122,BELORUSSIAN STATE MEDICAL UNIVERSITY - FACULTY OF STOMATOLOGY,BO,LIAISON,BELORUSSIAN STATE MEDICAL FACULTY STOMATOLOGY UNIVERSITY,BELORUSSIAN STATE MEDICAL UNIVERSITY - FACULTY OF STOMATOLOGY,UNIVERSITY 
FR0153,MINSK STATE INSTITUTE FOREIGN LANGUAGES,BO,LIAISON,MINSK STATE FOREIGN LANGUAGES INSTITUTE,MINSK STATE INSTITUTE FOREIGN LANGUAGES,INSTITUTE 
FR0150,BELARUS STATE UNIVERSITY,BO,LIAISON,BELARUS STATE UNIVERSITY,BELARUS STATE UNIVERSITY,UNIVERSITY 
FR0151,BELORUSSIAN STATE ECONOMIC UNIVERSITY,BO,LIAISON,BELORUSSIAN STATE ECONOMIC UNIVERSITY,BELORUSSIAN STATE ECONOMIC UNIVERSITY,UNIVERSITY 
DNT123,MINSK MEDICAL INSTITUTE - FACULTY OF STOMATOLOGY,BO,LIAISON,MINSK MEDICAL FACULTY STOMATOLOGY INSTITUTE,MINSK MEDICAL INSTITUTE - FACULTY OF STOMATOLOGY,INSTITUTE 
FR3104,UNIVERSITY OF PERADENIYA,CE,LIAISON,PERADENIYA UNIVERSITY,UNIVERSITY OF PERADENIYA,UNIVERSITY 
FR3102,INSTITUTE OF TECHNOLOGICAL STUDIES,CE,LIAISON,TECHNOLOGICAL STUDIES INSTITUTE,INSTITUTE OF TECHNOLOGICAL STUDIES,INSTITUTE 
FR0434,"INSTITUTE OF CHEMISTRY, SRI LANKA",CE,LIAISON,CHEMISTRY SRI LANKA INSTITUTE,"INSTITUTE OF CHEMISTRY, SRI LANKA",INSTITUTE 
FR3105,NORTH COLOMBO MEDICAL COLLEGE,CE,LIAISON,NORTH COLOMBO MEDICAL COLLEGE,NORTH COLOMBO MEDICAL COLLEGE,COLLEGE 
FR3101,UNIVERSITY OF COLOMBO - FACULTY OF MEDICINE,CE,LIAISON,COLOMBO FACULTY MEDICINE UNIVERSITY,UNIVERSITY OF COLOMBO - FACULTY OF MEDICINE,UNIVERSITY 
FR3103,UNIVERSITY OF COLOMBO,CE,LIAISON,COLOMBO UNIVERSITY,UNIVERSITY OF COLOMBO,UNIVERSITY 
DNT207,UNIVERSIDAD DE CONCEPCIN - FACULTAD DE ODONTOLOGIA,CI,LIAISON,UNIVERSIDAD DE CONCEPCIN FACULTAD DE ODONTOLOGIA ,UNIVERSIDAD DE CONCEPCIN - FACULTAD DE ODONTOLOGIA,
FR0444,UNIVERSIDAD DE SANTIAGO,CI,LIAISON,UNIVERSIDAD DE SANTIAGO ,UNIVERSIDAD DE SANTIAGO,
DNT208,UNIVERSIDAD DE VALPARASO - FACULTAD DE ODONTOLOGA,CI,LIAISON,UNIVERSIDAD DE VALPARASO FACULTAD DE ODONTOLOGA ,UNIVERSIDAD DE VALPARASO - FACULTAD DE ODONTOLOGA,
FR0436,UNIVERSIDAD DEL BIO BIO,CI,LIAISON,UNIVERSIDAD DEL BIO BIO ,UNIVERSIDAD DEL BIO BIO,
DNT209,UNIVERSIDAD DEL DESAROLLO - FACULTAD DE ODONTOLOGIA,CI,LIAISON,UNIVERSIDAD DEL DESAROLLO FACULTAD DE ODONTOLOGIA ,UNIVERSIDAD DEL DESAROLLO - FACULTAD DE ODONTOLOGIA,
FR0445,UNIVERSIDAD FINIS TERRAE,CI,LIAISON,UNIVERSIDAD FINIS TERRAE ,UNIVERSIDAD FINIS TERRAE,
FR0446,UNIVERSIDAD LA REPUBLICA,CI,LIAISON,UNIVERSIDAD LA REPUBLICA ,UNIVERSIDAD LA REPUBLICA,
FR0437,CATHOLIC UNIVERSITY,CI,LIAISON,CATHOLIC UNIVERSITY,CATHOLIC UNIVERSITY,UNIVERSITY 
FR0438,DIEGO PORTALES UNIVERSITY,CI,LIAISON,DIEGO PORTALES UNIVERSITY,DIEGO PORTALES UNIVERSITY,UNIVERSITY 
FR0439,GABRIELA MISTRAL UNIVERSITY,CI,LIAISON,GABRIELA MISTRAL UNIVERSITY,GABRIELA MISTRAL UNIVERSITY,UNIVERSITY 
FR0440,PONTIFICA UNIVERSIDAD CATOLICA,CI,LIAISON,PONTIFICA UNIVERSIDAD CATOLICA UNIVERSITY,PONTIFICA UNIVERSIDAD CATOLICA,UNIVERSITY 
FR0441,PONTIFICIA UNIVERSITY CATOLICA DE CHILE,CI,LIAISON,PONTIFICIA CATOLICA DE CHILE UNIVERSITY,PONTIFICIA UNIVERSITY CATOLICA DE CHILE,UNIVERSITY 
FR0448,UNIVERSIDAD ADOLFO IBANEZ,CI,LIAISON,UNIVERSIDAD ADOLFO IBANEZ ,UNIVERSIDAD ADOLFO IBANEZ,
FR0442,UNIVERSIDAD ALBERTO HURTADO,CI,LIAISON,UNIVERSIDAD ALBERTO HURTADO ,UNIVERSIDAD ALBERTO HURTADO,
FR0447,UNIVERSIDAD AUSTRAL DE CHILE,CI,LIAISON,UNIVERSIDAD AUSTRAL DE CHILE ,UNIVERSIDAD AUSTRAL DE CHILE,
FR0443,UNIVERSIDAD DE CHILE,CI,LIAISON,UNIVERSIDAD DE CHILE ,UNIVERSIDAD DE CHILE,
FR0435,UNIVERSIDAD DE CONCEPCION,CI,LIAISON,UNIVERSIDAD DE CONCEPCION ,UNIVERSIDAD DE CONCEPCION,
FR0954,EVANGELICAL THEOLOGICAL SEMINARY - EGYPT,EG,LIAISON,EVANGELICAL THEOLOGICAL SEMINARY EGYPT ,EVANGELICAL THEOLOGICAL SEMINARY - EGYPT,
FR0953,EIN SHAMS UNIVERSITY - COLLEGE OF MEDICINE,EG,LIAISON,EIN SHAMS MEDICINE UNIVERSITY COLLEGE,EIN SHAMS UNIVERSITY - COLLEGE OF MEDICINE,UNIVERSITY COLLEGE 
FR0961,GERMAN UNIVERSITY IN CAIRO,EG,LIAISON,GERMAN CAIRO UNIVERSITY,GERMAN UNIVERSITY IN CAIRO,UNIVERSITY 
DNT259,MANSOURA UNIVERSITY - FACULTY OF DENTISTRY,EG,LIAISON,MANSOURA FACULTY DENTISTRY UNIVERSITY,MANSOURA UNIVERSITY - FACULTY OF DENTISTRY,UNIVERSITY 
DNT261,UNIVERSITY OF ALEXANDRIA - FACULTY OF DENTISTRY,EG,LIAISON,ALEXANDRIA FACULTY DENTISTRY UNIVERSITY,UNIVERSITY OF ALEXANDRIA - FACULTY OF DENTISTRY,UNIVERSITY 
DNT260,TANTA DENTAL FACULTY - MEDICAL CAMPUS,EG,LIAISON,TANTA DENTAL FACULTY MEDICAL CAMPUS ,TANTA DENTAL FACULTY - MEDICAL CAMPUS,
FR0962,SOUTH VALLEY UNIVERSITY - EGYPT,EG,LIAISON,SOUTH VALLEY EGYPT UNIVERSITY,SOUTH VALLEY UNIVERSITY - EGYPT,UNIVERSITY 
FR0964,ZAGAZIG UNIVERSITY,EG,LIAISON,ZAGAZIG UNIVERSITY,ZAGAZIG UNIVERSITY,UNIVERSITY 
FR0958,SADAT ACADEMY,EG,LIAISON,SADAT ACADEMY,SADAT ACADEMY,ACADEMY 
OS0001,CAIRO AMERICAN UNIVERSITY,EG,LIAISON,CAIRO AMERICAN UNIVERSITY,CAIRO AMERICAN UNIVERSITY,UNIVERSITY 
FR0951,CAIRO UNIVERSITY,EG,LIAISON,CAIRO UNIVERSITY,CAIRO UNIVERSITY,UNIVERSITY 
FR0952,CAIRO UNIVERSITY SCHOOL OF MEDICINE,EG,LIAISON,CAIRO MEDICINE UNIVERSITY SCHOOL,CAIRO UNIVERSITY SCHOOL OF MEDICINE,UNIVERSITY SCHOOL 
FR0963,COLLEGE OF PHARMACY,EG,LIAISON,PHARMACY COLLEGE,COLLEGE OF PHARMACY,COLLEGE 
FR0959,MINIA UNIVERSITY,EG,LIAISON,MINIA UNIVERSITY,MINIA UNIVERSITY,UNIVERSITY 
DNT262,UNIVERSITY OF CAIRO - FACULTY OF ORAL AND DENTAL MEDICINE,EG,LIAISON,CAIRO FACULTY ORAL DENTAL MEDICINE UNIVERSITY,UNIVERSITY OF CAIRO - FACULTY OF ORAL AND DENTAL MEDICINE,UNIVERSITY 
FR0946,AIN SHAMS UNIVERSITY,EG,LIAISON,AIN SHAMS UNIVERSITY,AIN SHAMS UNIVERSITY,UNIVERSITY 
DNT258,AL - AZHAR UNIVERSITY - FACULTY OF DENTISTRY,EG,LIAISON,AL AZHAR FACULTY DENTISTRY UNIVERSITY,AL - AZHAR UNIVERSITY - FACULTY OF DENTISTRY,UNIVERSITY 
FR0947,AL AZHAR UNIVERSITY,EG,LIAISON,AL AZHAR UNIVERSITY,AL AZHAR UNIVERSITY,UNIVERSITY 
FR0944,ALEXANDRIA UNIVERSITY,EG,LIAISON,ALEXANDRIA UNIVERSITY,ALEXANDRIA UNIVERSITY,UNIVERSITY 
FR0945,ASSIUT UNIVERSITY,EG,LIAISON,ASSIUT UNIVERSITY,ASSIUT UNIVERSITY,UNIVERSITY 
FR0956,KASR AL AINY FACULTY OF MEDICINE - CAIRO UNIVERSITY,EG,LIAISON,KASR AL AINY FACULTY MEDICINE CAIRO UNIVERSITY,KASR AL AINY FACULTY OF MEDICINE - CAIRO UNIVERSITY,UNIVERSITY 
FR0957,KASR AL AINY MEDICAL SCHOOL,EG,LIAISON,KASR AL AINY MEDICAL SCHOOL,KASR AL AINY MEDICAL SCHOOL,SCHOOL 
FR0960,MANSOURA UNIVERSITY,EG,LIAISON,MANSOURA UNIVERSITY,MANSOURA UNIVERSITY,UNIVERSITY 
FR0955,FACULTY OF MEDICINE - CAIRO,EG,LIAISON,FACULTY MEDICINE CAIRO ,FACULTY OF MEDICINE - CAIRO,
FR0966,UNIVERSITY C.A. JOSE SIMEON CANAS,ES,LIAISON,C.A. JOSE SIMEON CANAS UNIVERSITY,UNIVERSITY C.A. JOSE SIMEON CANAS,UNIVERSITY 
DNT263,ESCUELA CIRUGIA DENTAL,ES,LIAISON,ESCUELA CIRUGIA DENTAL ,ESCUELA CIRUGIA DENTAL,
DNT264,UNIVERSIDAD DE EL SALVADOR - FACULTAD DE ODONTOLOGIA,ES,LIAISON,UNIVERSIDAD DE EL SALVADOR FACULTAD DE ODONTOLOGIA ,UNIVERSIDAD DE EL SALVADOR - FACULTAD DE ODONTOLOGIA,
FR0965,UNIVERSIDAD DR. JOSE MATIAS DELGADO,ES,LIAISON,UNIVERSIDAD DR. JOSE MATIAS DELGADO ,UNIVERSIDAD DR. JOSE MATIAS DELGADO,
DNT265,UNIVERSIDAD EVANGELICA DE SAN SALVADOR - FACULTAD DE ODONTOLOGIA,ES,LIAISON,UNIVERSIDAD EVANGELICA DE SAN SALVADOR FACULTAD DE ODONTOLOGIA ,UNIVERSIDAD EVANGELICA DE SAN SALVADOR - FACULTAD DE ODONTOLOGIA,
DNT266,UNIVERSIDAD NUEVA DAN SALVADOR - FACULTAD DE ODONTOLOGIA,ES,LIAISON,UNIVERSIDAD NUEVA DAN SALVADOR FACULTAD DE ODONTOLOGIA ,UNIVERSIDAD NUEVA DAN SALVADOR - FACULTAD DE ODONTOLOGIA,
DNT267,UNIVERSIDAD SALVADOREA ALBERTO MASFERRER - USAM,ES,LIAISON,UNIVERSIDAD SALVADOREA ALBERTO MASFERRER USAM UNIVERSITY,UNIVERSIDAD SALVADOREA ALBERTO MASFERRER - USAM,UNIVERSITY 
FR1289,GAMBIA COLLEGE - SCHOOL OF PUBLIC HEALTH,GA,LIAISON,GAMBIA PUBLIC HEALTH COLLEGE SCHOOL,GAMBIA COLLEGE - SCHOOL OF PUBLIC HEALTH,COLLEGE SCHOOL 
FR1435,KUMASI MEDICAL SCHOOL,GH,LIAISON,KUMASI MEDICAL SCHOOL,KUMASI MEDICAL SCHOOL,SCHOOL 
FR1436,KWAME NKRUMAH UNIVERSITY OF SCIENCE AND TECHNOLOGY,GH,LIAISON,KWAME NKRUMAH SCIENCE TECHNOLOGY UNIVERSITY,KWAME NKRUMAH UNIVERSITY OF SCIENCE AND TECHNOLOGY,UNIVERSITY 
FR1433,MFANTSIPIM SCHOOL,GH,LIAISON,MFANTSIPIM SCHOOL,MFANTSIPIM SCHOOL,SCHOOL 
FR1439,GHANA SECONDARY TECHNICAL SCHOOL,GH,LIAISON,GHANA SECONDARY TECHNICAL SCHOOL,GHANA SECONDARY TECHNICAL SCHOOL,SCHOOL 
FR1429,GHANA MEDICAL SCHOOL,GH,LIAISON,GHANA MEDICAL SCHOOL,GHANA MEDICAL SCHOOL,SCHOOL 
FR1430,"UNIVERSITY OF GHANA,",GH,LIAISON,GHANA UNIVERSITY,"UNIVERSITY OF GHANA,",UNIVERSITY 
FR1434,UNIVERSITY OF CAPE COAST,GH,LIAISON,CAPE COAST UNIVERSITY,UNIVERSITY OF CAPE COAST,UNIVERSITY 
FR1440,TEMA SECONDARY SCHOOL,GH,LIAISON,TEMA SECONDARY SCHOOL,TEMA SECONDARY SCHOOL,SCHOOL 
FR1432,"SCHOOL OF HYGIENE, ACCRA",GH,LIAISON,HYGIENE ACCRA SCHOOL,"SCHOOL OF HYGIENE, ACCRA",SCHOOL 
FR1437,PREMPEH COLLEGE,GH,LIAISON,PREMPEH COLLEGE,PREMPEH COLLEGE,COLLEGE 
FR1438,TRINITY THEOLOGICAL SEMINARY - GHANA,GH,LIAISON,TRINITY THEOLOGICAL SEMINARY GHANA ,TRINITY THEOLOGICAL SEMINARY - GHANA,
FR1428,CENTRAL UNIVERSITY,GH,LIAISON,CENTRAL UNIVERSITY,CENTRAL UNIVERSITY,UNIVERSITY 
FR1431,INSTITUTE CHARTERED ACCNTNTS-GHANA,GH,LIAISON,CHARTERED ACCNTNTSGHANA INSTITUTE,INSTITUTE CHARTERED ACCNTNTS-GHANA,INSTITUTE 
DNT323,UNIVERSIDAD DE SAN CARLOS DE GUATEMALA - FACULTAD DE ODONTOLOGA,GT,LIAISON,UNIVERSIDAD DE SAN CARLOS DE GUATEMALA FACULTAD DE ODONTOLOGA ,UNIVERSIDAD DE SAN CARLOS DE GUATEMALA - FACULTAD DE ODONTOLOGA,
DNT325,UNIVERSITY FRANCISCO MARROQUIN - SCHOOL OF DENTISTRY,GT,LIAISON,FRANCISCO MARROQUIN DENTISTRY UNIVERSITY SCHOOL,UNIVERSITY FRANCISCO MARROQUIN - SCHOOL OF DENTISTRY,UNIVERSITY SCHOOL 
FR1473,UNIVERSITY DE SAN CARLOS - GUATEMALA,GT,LIAISON,DE SAN CARLOS GUATEMALA UNIVERSITY,UNIVERSITY DE SAN CARLOS - GUATEMALA,UNIVERSITY 
FR1475,UNIVERSIDAD RAFEAL LANDIVAR,GT,LIAISON,UNIVERSIDAD RAFEAL LANDIVAR ,UNIVERSIDAD RAFEAL LANDIVAR,
DNT324,UNIVERSIDAD MARIANO GALVEZ DE GUATEMALA - FACULTAD DE ODONTOLOGIA,GT,LIAISON,UNIVERSIDAD MARIANO GALVEZ DE GUATEMALA FACULTAD DE ODONTOLOGIA ,UNIVERSIDAD MARIANO GALVEZ DE GUATEMALA - FACULTAD DE ODONTOLOGIA,
FR1476,UNIVERSIDAD FRANCISCO MARRAQUIN,GT,LIAISON,UNIVERSIDAD FRANCISCO MARRAQUIN ,UNIVERSIDAD FRANCISCO MARRAQUIN,
FR1477,UNIVERSITY OF GUYANA,GY,LIAISON,GUYANA UNIVERSITY,UNIVERSITY OF GUYANA,UNIVERSITY 
FR1481,"SCHOOL OF MEDICINE AND PHARMACY, HAITI",HA,LIAISON,MEDICINE PHARMACY HAITI SCHOOL,"SCHOOL OF MEDICINE AND PHARMACY, HAITI",SCHOOL 
FR1478,COLLEGE SAINT LOUIS DE BOURDON,HA,LIAISON,SAINT LOUIS DE BOURDON COLLEGE,COLLEGE SAINT LOUIS DE BOURDON,COLLEGE 
FR1479,HAITI MEDICAL SCHOOL,HA,LIAISON,HAITI MEDICAL SCHOOL,HAITI MEDICAL SCHOOL,SCHOOL 
DNT326,UNIVERSIT D'ETAT D'HAITI - FACULT D'ODONTOLOGIE,HA,LIAISON,UNIVERSIT DETAT DHAITI FACULT DODONTOLOGIE ,UNIVERSIT D'ETAT D'HAITI - FACULT D'ODONTOLOGIE,
FR1480,SACRE COEUR DE TURGEAU,HA,LIAISON,SACRE COEUR DE TURGEAU ,SACRE COEUR DE TURGEAU,
FR1482,CATHOLIC UNIVERSITY OF HONDURAS,HO,LIAISON,CATHOLIC HONDURAS UNIVERSITY,CATHOLIC UNIVERSITY OF HONDURAS,UNIVERSITY 
FR1483,U TECNOLOGICA CENTROAMERICANA,HO,LIAISON,TECNOLOGICA CENTROAMERICANA UNIVERSITY,U TECNOLOGICA CENTROAMERICANA,UNIVERSITY 
DNT327,UNIVERSIDAD NACIONAL AUTNOMA DE HONDURAS - FACULTAD DE ODONTOLOGA,HO,LIAISON,UNIVERSIDAD NACIONAL AUTNOMA DE HONDURAS FACULTAD DE ODONTOLOGA ,UNIVERSIDAD NACIONAL AUTNOMA DE HONDURAS - FACULTAD DE ODONTOLOGA,
FR1484,NATIONAL AUTONOMOUS UNIVERSITY OF HONDURAS,HO,LIAISON,NATIONAL AUTONOMOUS HONDURAS UNIVERSITY,NATIONAL AUTONOMOUS UNIVERSITY OF HONDURAS,UNIVERSITY 
DNT330,UNIVERSITY OF DEBRECEN - MEDICAL AND HEALTH SCIENCE CENTER,HU,LIAISON,DEBRECEN MEDICAL HEALTH SCIENCE CENTER UNIVERSITY,UNIVERSITY OF DEBRECEN - MEDICAL AND HEALTH SCIENCE CENTER,UNIVERSITY 
DNT332,UNIVERSITY OF SZEGED - ALBERT SZENT - GYRGYI MEDICAL AND PHARMACEUTICAL CENTER,HU,LIAISON,SZEGED ALBERT SZENT GYRGYI MEDICAL PHARMACEUTICAL CENTER UNIVERSITY,UNIVERSITY OF SZEGED - ALBERT SZENT - GYRGYI MEDICAL AND PHARMACEUTICAL CENTER,UNIVERSITY 
FR1492,WESTERN MEDICINE COLLEGE/BUDAPEST,HU,LIAISON,WESTERN MEDICINE /BUDAPEST COLLEGE,WESTERN MEDICINE COLLEGE/BUDAPEST,COLLEGE 
FR1494,UNIVERSITY OF PECS,HU,LIAISON,PECS UNIVERSITY,UNIVERSITY OF PECS,UNIVERSITY 
FR1491,SEMMELWEIS UNIVERSITY OF MEDICINE,HU,LIAISON,SEMMELWEIS MEDICINE UNIVERSITY,SEMMELWEIS UNIVERSITY OF MEDICINE,UNIVERSITY 
DNT329,SEMMELWEIS UNIVERSITY - FACULTY OF DENTISTRY,HU,LIAISON,SEMMELWEIS FACULTY DENTISTRY UNIVERSITY,SEMMELWEIS UNIVERSITY - FACULTY OF DENTISTRY,UNIVERSITY 
FR1489,UNIVERSITY OF BUDAPEST,HU,LIAISON,BUDAPEST UNIVERSITY,UNIVERSITY OF BUDAPEST,UNIVERSITY 
OS0004,MCDANIEL COLLEGE (HUNGARY),HU,LIAISON,MCDANIEL (HUNGARY) COLLEGE,MCDANIEL COLLEGE (HUNGARY),COLLEGE 
FR1490,EOTROS LORAND UNIVERSITY,HU,LIAISON,EOTROS LORAND UNIVERSITY,EOTROS LORAND UNIVERSITY,UNIVERSITY 
FR1493,DEBRECEN MEDICAL SCHOOL,HU,LIAISON,DEBRECEN MEDICAL SCHOOL,DEBRECEN MEDICAL SCHOOL,SCHOOL 
FR1497,JOZSEF ATTILA UNIVERSITY,HU,LIAISON,JOZSEF ATTILA UNIVERSITY,JOZSEF ATTILA UNIVERSITY,UNIVERSITY 
FR1496,HUNGRN/CNTRLEUR INTERNATIONAL STUDENT CENTER,HU,LIAISON,HUNGRN/CNTRLEUR INTERNATIONAL STUDENT CENTER ,HUNGRN/CNTRLEUR INTERNATIONAL STUDENT CENTER,
FR1495,ALBERT SZENT-GYORGYI MEDICAL UNIVERSITY,HU,LIAISON,ALBERT SZENTGYORGYI MEDICAL UNIVERSITY,ALBERT SZENT-GYORGYI MEDICAL UNIVERSITY,UNIVERSITY 
DNT331,UNIVERSITY OF PCS - MEDICAL SCHOOL,HU,LIAISON,PCS MEDICAL UNIVERSITY SCHOOL,UNIVERSITY OF PCS - MEDICAL SCHOOL,UNIVERSITY SCHOOL 
FR1487,BUDAPEST UNIVERSITY ECONOMIC SCIENCES,HU,LIAISON,BUDAPEST ECONOMIC SCIENCES UNIVERSITY,BUDAPEST UNIVERSITY ECONOMIC SCIENCES,UNIVERSITY 
FR1488,BUDAPEST UNIVERSITY OF TECHNOLOFY AND ECONOMICS,HU,LIAISON,BUDAPEST TECHNOLOFY ECONOMICS UNIVERSITY,BUDAPEST UNIVERSITY OF TECHNOLOFY AND ECONOMICS,UNIVERSITY 
FR1499,HAMRAHLID COLLEGE,IC,LIAISON,HAMRAHLID COLLEGE,HAMRAHLID COLLEGE,COLLEGE 
FR1500,KVENNASKOLINN IN REYKJAVIK,IC,LIAISON,KVENNASKOLINN REYKJAVIK ,KVENNASKOLINN IN REYKJAVIK,
FR1501,REYKJAVIK UNIVERSITY,IC,LIAISON,REYKJAVIK UNIVERSITY,REYKJAVIK UNIVERSITY,UNIVERSITY 
FR1503,REYKJAVIK JUNIOR COLLEGE,IC,LIAISON,REYKJAVIK JUNIOR COLLEGE,REYKJAVIK JUNIOR COLLEGE,COLLEGE 
DNT333,UNIVERSITY OF ICELAND - THE DENTAL FACULTY,IC,LIAISON,ICELAND DENTAL FACULTY UNIVERSITY,UNIVERSITY OF ICELAND - THE DENTAL FACULTY,UNIVERSITY 
FR1502,UNIVERSITY OF ICELAND,IC,LIAISON,ICELAND UNIVERSITY,UNIVERSITY OF ICELAND,UNIVERSITY 
FR1498,COMMERCIAL COLLEGE OF ICELAND,IC,LIAISON,COMMERCIAL ICELAND COLLEGE,COMMERCIAL COLLEGE OF ICELAND,COLLEGE 
DNT437,UNIVERSITY OF MOSUL - COLLEGE OF DENTISTRY,IZ,LIAISON,MOSUL DENTISTRY UNIVERSITY COLLEGE,UNIVERSITY OF MOSUL - COLLEGE OF DENTISTRY,UNIVERSITY COLLEGE 
FR1965,UNIVERSITY OF MOSUL COLLEGE PHARMACY,IZ,LIAISON,MOSUL PHARMACY UNIVERSITY COLLEGE,UNIVERSITY OF MOSUL COLLEGE PHARMACY,UNIVERSITY COLLEGE 
FR1964,"SALAHADDIN UNIVERSITY, COLLEGE OF MEDICINE",IZ,LIAISON,SALAHADDIN MEDICINE UNIVERSITY COLLEGE,"SALAHADDIN UNIVERSITY, COLLEGE OF MEDICINE",UNIVERSITY COLLEGE 
FR1962,BASRA UNIVERSITY,IZ,LIAISON,BASRA UNIVERSITY,BASRA UNIVERSITY,UNIVERSITY 
DNT436,UNIVERSITY OF BAGHDAD - COLLEGE OF DENTISTRY,IZ,LIAISON,BAGHDAD DENTISTRY UNIVERSITY COLLEGE,UNIVERSITY OF BAGHDAD - COLLEGE OF DENTISTRY,UNIVERSITY COLLEGE 
FR1963,"DOHUK UNIVERSITY, COLLEGE OF MEDICINE",IZ,LIAISON,DOHUK MEDICINE UNIVERSITY COLLEGE,"DOHUK UNIVERSITY, COLLEGE OF MEDICINE",UNIVERSITY COLLEGE 
FR1960,AL MUSTANSIRYA MEDICAL SCHOOL,IZ,LIAISON,AL MUSTANSIRYA MEDICAL SCHOOL,AL MUSTANSIRYA MEDICAL SCHOOL,SCHOOL 
FR1961,UNIVERSITY OF BAGHDAD,IZ,LIAISON,BAGHDAD UNIVERSITY,UNIVERSITY OF BAGHDAD,UNIVERSITY 
FR3483,NORTHERN CARIBBEAN UNIVERSITY,JM,LIAISON,NORTHERN CARIBBEAN UNIVERSITY,NORTHERN CARIBBEAN UNIVERSITY,UNIVERSITY 
FR2086,BETHEL BIBLE COLLEGE,JM,LIAISON,BETHEL BIBLE COLLEGE,BETHEL BIBLE COLLEGE,COLLEGE 
FR2085,UNIVERSITY OF THE WEST INDIES (JAMAICA),JM,LIAISON,THE WEST INDIES (JAMAICA) UNIVERSITY,UNIVERSITY OF THE WEST INDIES (JAMAICA),UNIVERSITY 
FR2266,YARMOUK UNIVERSITY,JO,LIAISON,YARMOUK UNIVERSITY,YARMOUK UNIVERSITY,UNIVERSITY 
DNT500,UNIVERSITY OF AMMAN - COLLEGE OF DENTISTRY,JO,LIAISON,AMMAN DENTISTRY UNIVERSITY COLLEGE,UNIVERSITY OF AMMAN - COLLEGE OF DENTISTRY,UNIVERSITY COLLEGE 
FR2265,JORDAN UNIVERSITY OF SCIENCE AND TECHNOLOGY,JO,LIAISON,JORDAN SCIENCE TECHNOLOGY UNIVERSITY,JORDAN UNIVERSITY OF SCIENCE AND TECHNOLOGY,UNIVERSITY 
DNT499,JORDAN UNIVERSITY OF SCIENCE & TECHNOLOGY - FACULTY OF DENTISTRY,JO,LIAISON,JORDAN SCIENCE TECHNOLOGY FACULTY DENTISTRY UNIVERSITY,JORDAN UNIVERSITY OF SCIENCE & TECHNOLOGY - FACULTY OF DENTISTRY,UNIVERSITY 
FR2264,UNIVERSITY OF JORDAN,JO,LIAISON,JORDAN UNIVERSITY,UNIVERSITY OF JORDAN,UNIVERSITY 
FR2262,JORDAN UNIVERSITY,JO,LIAISON,JORDAN UNIVERSITY,JORDAN UNIVERSITY,UNIVERSITY 
FR2263,JORDAN UNIVERSITY HOSPITAL,JO,LIAISON,JORDAN HOSPITAL UNIVERSITY,JORDAN UNIVERSITY HOSPITAL,UNIVERSITY 
DNT501,UNIVERSITY OF JORDAN - FACULTY OF DENTISTRY,JO,LIAISON,JORDAN FACULTY DENTISTRY UNIVERSITY,UNIVERSITY OF JORDAN - FACULTY OF DENTISTRY,UNIVERSITY 
OS0036,AMERICAN UNIVERSITY OF MADABA,JO,LIAISON,AMERICAN MADABA UNIVERSITY,AMERICAN UNIVERSITY OF MADABA,UNIVERSITY 
FR2399,KUWAIT UNIVERSITY,KU,LIAISON,KUWAIT UNIVERSITY,KUWAIT UNIVERSITY,UNIVERSITY 
DNT514,COLLEGE OF HEALTH SCIENCES,KU,LIAISON,HEALTH SCIENCES COLLEGE,COLLEGE OF HEALTH SCIENCES,COLLEGE 
FR3423,AMERICAN UNIVERSITY OF KUWAIT,KU,LIAISON,AMERICAN KUWAIT UNIVERSITY,AMERICAN UNIVERSITY OF KUWAIT,UNIVERSITY 
DNT518,RIGA STRADINS UNIVERSITY SCHOOL OF DENTAL HYGIENISTS,LG,LIAISON,RIGA STRADINS DENTAL HYGIENISTS UNIVERSITY SCHOOL,RIGA STRADINS UNIVERSITY SCHOOL OF DENTAL HYGIENISTS,UNIVERSITY SCHOOL 
FR2404,RIGAS TEHNISKA UNIVERSITATE,LG,LIAISON,RIGAS TEHNISKA UNIVERSITATE UNIVERSITY,RIGAS TEHNISKA UNIVERSITATE,UNIVERSITY 
FR2405,UNIVERSITY OF LATVIA,LG,LIAISON,LATVIA UNIVERSITY,UNIVERSITY OF LATVIA,UNIVERSITY 
DNT519,RIGA STRADINS UNIVERSITY - FACULTY OF STOMATOLOGY,LG,LIAISON,RIGA STRADINS FACULTY STOMATOLOGY UNIVERSITY,RIGA STRADINS UNIVERSITY - FACULTY OF STOMATOLOGY,UNIVERSITY 
DNT517,RIGA 1ST MEDICAL SCHOOL,LG,LIAISON,RIGA 1ST MEDICAL SCHOOL,RIGA 1ST MEDICAL SCHOOL,SCHOOL 
FR2420,VYTAUTAS MAGNUS UNIVERSITY,LH,LIAISON,VYTAUTAS MAGNUS UNIVERSITY,VYTAUTAS MAGNUS UNIVERSITY,UNIVERSITY 
FR2419,KAUNAS UNIVERSITY,LH,LIAISON,KAUNAS UNIVERSITY,KAUNAS UNIVERSITY,UNIVERSITY 
FR2421,VILNIUS UNIVERSITY,LH,LIAISON,VILNIUS UNIVERSITY,VILNIUS UNIVERSITY,UNIVERSITY 
FR2418,CUTTINGTON UNIVERSITY COLLEGE,LI,LIAISON,CUTTINGTON UNIVERSITY COLLEGE,CUTTINGTON UNIVERSITY COLLEGE,UNIVERSITY COLLEGE 
FR2417,UNIVERSITY OF LIBERIA,LI,LIAISON,LIBERIA UNIVERSITY,UNIVERSITY OF LIBERIA,UNIVERSITY 
FR2516,NATIONAL UNIVERSITY MONGOLIA - SFLC,MG,LIAISON,NATIONAL MONGOLIA SFLC UNIVERSITY,NATIONAL UNIVERSITY MONGOLIA - SFLC,UNIVERSITY 
FR2518,NATIONAL MEDICAL UNIVERSITY MONGOLIA,MG,LIAISON,NATIONAL MEDICAL MONGOLIA UNIVERSITY,NATIONAL MEDICAL UNIVERSITY MONGOLIA,UNIVERSITY 
DNT574,HEALTH SCIENCES UNIVERSITY OF MONGOLIA - SCHOOL OF DENTISTRY,MG,LIAISON,HEALTH SCIENCES MONGOLIA DENTISTRY UNIVERSITY SCHOOL,HEALTH SCIENCES UNIVERSITY OF MONGOLIA - SCHOOL OF DENTISTRY,UNIVERSITY SCHOOL 
FR2517,MONGOLIAN MEDICAL UNIVERSITY,MG,LIAISON,MONGOLIAN MEDICAL UNIVERSITY,MONGOLIAN MEDICAL UNIVERSITY,UNIVERSITY 
FR2514,ENGLISH FOR SPECIAL PURPOSES INSTITUTE,MG,LIAISON,ENGLISH SPECIAL PURPOSES INSTITUTE,ENGLISH FOR SPECIAL PURPOSES INSTITUTE,INSTITUTE 
FR2513,INSTITUTE FINANCE AND ECONOMICS - MONGOLIA,MG,LIAISON,FINANCE ECONOMICS MONGOLIA INSTITUTE,INSTITUTE FINANCE AND ECONOMICS - MONGOLIA,INSTITUTE 
FR2515,MONGOLIAN UNIVERSITY OF SCIENCE AND TECHOLOGY,MG,LIAISON,MONGOLIAN SCIENCE TECHOLOGY UNIVERSITY,MONGOLIAN UNIVERSITY OF SCIENCE AND TECHOLOGY,UNIVERSITY 
FR2584,ONDO STATE UNIVERSITY,NI,LIAISON,ONDO STATE UNIVERSITY,ONDO STATE UNIVERSITY,UNIVERSITY 
FR2608,NATIONAL POSTGRADUATE MEDICAL COLLEGE OF NIGERIA,NI,LIAISON,NATIONAL POSTGRADUATE MEDICAL NIGERIA COLLEGE,NATIONAL POSTGRADUATE MEDICAL COLLEGE OF NIGERIA,COLLEGE 
FR2588,UNIVERSITY OF BENIN,NI,LIAISON,BENIN UNIVERSITY,UNIVERSITY OF BENIN,UNIVERSITY 
DNT583,UNIVERSITY OF BENIN - COLLEGE OF HEALTH SCIENCES,NI,LIAISON,BENIN HEALTH SCIENCES UNIVERSITY COLLEGE,UNIVERSITY OF BENIN - COLLEGE OF HEALTH SCIENCES,UNIVERSITY COLLEGE 
FR2619,SCHOOL OF NURSING - SOKOTO,NI,LIAISON,NURSING SOKOTO SCHOOL,SCHOOL OF NURSING - SOKOTO,SCHOOL 
FR2590,UNIVERSITY OF CALABAR,NI,LIAISON,CALABAR UNIVERSITY,UNIVERSITY OF CALABAR,UNIVERSITY 
FR2589,UNIVERSITY OF CALABAR - COLLEGE OF MEDICAL SCIENCE,NI,LIAISON,CALABAR MEDICAL SCIENCE UNIVERSITY COLLEGE,UNIVERSITY OF CALABAR - COLLEGE OF MEDICAL SCIENCE,UNIVERSITY COLLEGE 
DNT584,UNIVERSITY OF IBADAN DENTAL SCHOOL - COLLEGE OF MEDICINE,NI,LIAISON,IBADAN DENTAL MEDICINE UNIVERSITY COLLEGE SCHOOL,UNIVERSITY OF IBADAN DENTAL SCHOOL - COLLEGE OF MEDICINE,UNIVERSITY COLLEGE SCHOOL 
FR2598,UNIVERSITY OF IFE,NI,LIAISON,IFE UNIVERSITY,UNIVERSITY OF IFE,UNIVERSITY 
FR2601,UNIVERSITY OF ILORIN,NI,LIAISON,ILORIN UNIVERSITY,UNIVERSITY OF ILORIN,UNIVERSITY 
FR2616,UNIVERSITY OF JOS,NI,LIAISON,JOS UNIVERSITY,UNIVERSITY OF JOS,UNIVERSITY 
FR2610,UNIVERSITY OF LAGOS,NI,LIAISON,LAGOS UNIVERSITY,UNIVERSITY OF LAGOS,UNIVERSITY 
DNT585,UNIVERSITY OF LAGOS - SCHOOL OF DENTAL SCIENCES,NI,LIAISON,LAGOS DENTAL SCIENCES UNIVERSITY SCHOOL,UNIVERSITY OF LAGOS - SCHOOL OF DENTAL SCIENCES,UNIVERSITY SCHOOL 
FR2621,UNIVERSITY OF UYO,NI,LIAISON,UYO UNIVERSITY UNIVERSITY,UNIVERSITY OF UYO,UNIVERSITY UNIVERSITY 
FR2622,YABA COLLEGE OF TECHNOLOGY,NI,LIAISON,YABA TECHNOLOGY COLLEGE,YABA COLLEGE OF TECHNOLOGY,COLLEGE 
FR2620,USMANU DANFODIYO UNIVERSITY,NI,LIAISON,USMANU DANFODIYO UNIVERSITY,USMANU DANFODIYO UNIVERSITY,UNIVERSITY 
FR2615,WESLEY INTERNATIONAL THEOLOGICAL SEMINARY - NIGERIA,NI,LIAISON,WESLEY INTERNATIONAL THEOLOGICAL SEMINARY NIGERIA ,WESLEY INTERNATIONAL THEOLOGICAL SEMINARY - NIGERIA,
FR2611,UNIVERSITY OF MAIDUGURI,NI,LIAISON,MAIDUGURI UNIVERSITY,UNIVERSITY OF MAIDUGURI,UNIVERSITY 
FR2594,UNIVERSITY OF NIGERIA - ENUGU,NI,LIAISON,NIGERIA ENUGU UNIVERSITY,UNIVERSITY OF NIGERIA - ENUGU,UNIVERSITY 
FR2613,UNIVERSITY OF NIGERIA - NSUKKA,NI,LIAISON,NIGERIA NSUKKA UNIVERSITY,UNIVERSITY OF NIGERIA - NSUKKA,UNIVERSITY 
FR2617,UNIVERSITY OF PORT HARCOURT,NI,LIAISON,PORT HARCOURT UNIVERSITY,UNIVERSITY OF PORT HARCOURT,UNIVERSITY 
FR2587,BENIN COLLEGE,NI,LIAISON,BENIN COLLEGE,BENIN COLLEGE,COLLEGE 
FR2593,BIGARD MEMORIAL SEMINARY,NI,LIAISON,BIGARD MEMORIAL SEMINARY ,BIGARD MEMORIAL SEMINARY,
FR2603,COLLEGE OF MEDICINE - CITY OF LAGOS,NI,LIAISON,MEDICINE CITY LAGOS COLLEGE,COLLEGE OF MEDICINE - CITY OF LAGOS,COLLEGE 
FR2582,ABIA STATE UNIVERSITY,NI,LIAISON,ABIA STATE UNIVERSITY,ABIA STATE UNIVERSITY,UNIVERSITY 
FR2624,AHMADU BELLO UNIVERSITY,NI,LIAISON,AHMADU BELLO UNIVERSITY,AHMADU BELLO UNIVERSITY,UNIVERSITY 
FR2614,ALVIN IKOKU COLLEGE OF EDUCATION,NI,LIAISON,ALVIN IKOKU EDUCATION COLLEGE,ALVIN IKOKU COLLEGE OF EDUCATION,COLLEGE 
FR2592,AMBROSE ALLI UNIVERSITY,NI,LIAISON,AMBROSE ALLI UNIVERSITY,AMBROSE ALLI UNIVERSITY,UNIVERSITY 
FR2602,BAYERO UNIVERSITY,NI,LIAISON,BAYERO UNIVERSITY,BAYERO UNIVERSITY,UNIVERSITY 
FR2595,IBADAN UNIVERSITY,NI,LIAISON,IBADAN UNIVERSITY,IBADAN UNIVERSITY,UNIVERSITY 
FR2596,IMMANUEL COLLEGE (NIGERIA),NI,LIAISON,IMMANUEL (NIGERIA) COLLEGE,IMMANUEL COLLEGE (NIGERIA),COLLEGE 
FR2581,EBONYA STATE UNIVERSITY,NI,LIAISON,EBONYA STATE UNIVERSITY,EBONYA STATE UNIVERSITY,UNIVERSITY 
FR2599,FEDERAL GOVERNMENT COLLEGE IKOT-EKPENE,NI,LIAISON,FEDERAL GOVERNMENT IKOTEKPENE COLLEGE,FEDERAL GOVERNMENT COLLEGE IKOT-EKPENE,COLLEGE 
FR2591,FEDERAL POLYTECHNIC - EKIT,NI,LIAISON,FEDERAL POLYTECHNIC EKIT ,FEDERAL POLYTECHNIC - EKIT,
FR2597,FEDERAL POLYTECHNIC - IDAH,NI,LIAISON,FEDERAL POLYTECHNIC IDAH ,FEDERAL POLYTECHNIC - IDAH,
FR2604,FEDERAL SCHOOL OF ARTS AND SCIENCES - LAGOS,NI,LIAISON,FEDERAL ARTS SCIENCES LAGOS SCHOOL,FEDERAL SCHOOL OF ARTS AND SCIENCES - LAGOS,SCHOOL 
FR2623,FEDERAL UNIVERSITY TECHNOLOGY YOLA,NI,LIAISON,FEDERAL TECHNOLOGY YOLA UNIVERSITY,FEDERAL UNIVERSITY TECHNOLOGY YOLA,UNIVERSITY 
FR2605,LAGOS BUSINESS SCHOOL,NI,LIAISON,LAGOS BUSINESS SCHOOL,LAGOS BUSINESS SCHOOL,SCHOOL 
FR2606,LAGOS UNIVERSITY,NI,LIAISON,LAGOS UNIVERSITY,LAGOS UNIVERSITY,UNIVERSITY 
FR2607,LAGOS UNIVERSITY TEACHING HOSPITAL,NI,LIAISON,LAGOS TEACHING HOSPITAL UNIVERSITY,LAGOS UNIVERSITY TEACHING HOSPITAL,UNIVERSITY 
FR2609,NIGERIAN LAW SCHOOL,NI,LIAISON,NIGERIAN LAW SCHOOL,NIGERIAN LAW SCHOOL,SCHOOL 
FR2585,NIGERIAN NAVY SECNDRY SCHOOL,NI,LIAISON,NIGERIAN NAVY SECNDRY SCHOOL,NIGERIAN NAVY SECNDRY SCHOOL,SCHOOL 
FR2586,NNAMDI AZIKIWE UNIVERSITY,NI,LIAISON,NNAMDI AZIKIWE UNIVERSITY,NNAMDI AZIKIWE UNIVERSITY,UNIVERSITY 
FR2612,NNAMDI AZIKIWE UNIVERSITY COLLEGE OF HEALTH SCIENCES,NI,LIAISON,NNAMDI AZIKIWE HEALTH SCIENCES UNIVERSITY COLLEGE,NNAMDI AZIKIWE UNIVERSITY COLLEGE OF HEALTH SCIENCES,UNIVERSITY COLLEGE 
FR2600,OBAFEMI AWOLOWO UNIVERSITY,NI,LIAISON,OBAFEMI AWOLOWO UNIVERSITY,OBAFEMI AWOLOWO UNIVERSITY,UNIVERSITY 
FR2618,OGUN STATE UNIVERSITY,NI,LIAISON,OGUN STATE UNIVERSITY,OGUN STATE UNIVERSITY,UNIVERSITY 
FR2583,OLABISI ONABANJO UNIVERSITY,NI,LIAISON,OLABISI ONABANJO UNIVERSITY,OLABISI ONABANJO UNIVERSITY,UNIVERSITY 
FR2536,LUZAC COLLEGE,NL,LIAISON,LUZAC COLLEGE,LUZAC COLLEGE,COLLEGE 
FR2557,ROTTERDAM CONSERVATORY,NL,LIAISON,ROTTERDAM CONSERVATORY,ROTTERDAM CONSERVATORY,CONSERVATORY 
FR2552,MAASTRICHT UNIVERSITY,NL,LIAISON,MAASTRICHT UNIVERSITY,MAASTRICHT UNIVERSITY,UNIVERSITY 
FR2562,TILBURG UNIVERSITY,NL,LIAISON,TILBURG UNIVERSITY,TILBURG UNIVERSITY,UNIVERSITY 
FR2537,UNIVERSITY OF AMSTERDAM,NL,LIAISON,AMSTERDAM UNIVERSITY,UNIVERSITY OF AMSTERDAM,UNIVERSITY 
FR2565,SABA UNIVERSITY SCHOOL OF MEDICINE,NL,LIAISON,SABA MEDICINE UNIVERSITY SCHOOL,SABA UNIVERSITY SCHOOL OF MEDICINE,UNIVERSITY SCHOOL 
FR2563,STATE UNIVERSITY OF UTRECHT,NL,LIAISON,STATE UTRECHT UNIVERSITY UNIVERSITY,STATE UNIVERSITY OF UTRECHT,UNIVERSITY UNIVERSITY 
FR2546,UNIVERSITY OF GRONINGEN,NL,LIAISON,GRONINGEN UNIVERSITY,UNIVERSITY OF GRONINGEN,UNIVERSITY 
FR2553,UNIVERSITY OF LIMBURG,NL,LIAISON,LIMBURG UNIVERSITY,UNIVERSITY OF LIMBURG,UNIVERSITY 
FR2543,UNIVERSITY OF TWENTE,NL,LIAISON,TWENTE UNIVERSITY,UNIVERSITY OF TWENTE,UNIVERSITY 
FR2538,CONSERVATORIUM VAN AMSTERDAM,NL,LIAISON,CONSERVATORIUM VAN AMSTERDAM ,CONSERVATORIUM VAN AMSTERDAM,
FR2544,ACADEMIE MINERVA,NL,LIAISON,ACADEMIE MINERVA ,ACADEMIE MINERVA,
DNT577,ACADEMISCH CENTRUM TANDHEELKUNDE,NL,LIAISON,ACADEMISCH CENTRUM TANDHEELKUNDE ,ACADEMISCH CENTRUM TANDHEELKUNDE,
FR2559,HAAGSE HOGSKOLEN,NL,LIAISON,HAAGSE HOGSKOLEN ,HAAGSE HOGSKOLEN,
FR2547,HAARLEM UNIVERSITY PROF. EDUC.,NL,LIAISON,HAARLEM PROF. EDUC. UNIVERSITY,HAARLEM UNIVERSITY PROF. EDUC.,UNIVERSITY 
FR2541,HOGESCH IJSELLAND-SAXION UNIVS,NL,LIAISON,HOGESCH IJSELLANDSAXION UNIVS UNIVERSITY,HOGESCH IJSELLAND-SAXION UNIVS,UNIVERSITY 
FR2564,HUYGENS LYCEUM,NL,LIAISON,HUYGENS LYCEUM ,HUYGENS LYCEUM,
FR2560,IHE,NL,LIAISON,IHE ,IHE,
FR2561,INSTITUTE OF SOCIAL STUDIES,NL,LIAISON,SOCIAL STUDIES INSTITUTE,INSTITUTE OF SOCIAL STUDIES,INSTITUTE 
FR2554,KATHOLIEKE UNIVERSITEIT - NIJMEGEN,NL,LIAISON,KATHOLIEKE UNIVERSITEIT NIJMEGEN UNIVERSITY,KATHOLIEKE UNIVERSITEIT - NIJMEGEN,UNIVERSITY 
DNT578,KATHOLIEKE UNIVERSITEIT NIJMEGEN (KUN),NL,LIAISON,KATHOLIEKE UNIVERSITEIT NIJMEGEN (KUN) UNIVERSITY,KATHOLIEKE UNIVERSITEIT NIJMEGEN (KUN),UNIVERSITY 
FR2540,DELFT UNIVERSITY OF TECHNOLOGY,NL,LIAISON,DELFT TECHNOLOGY UNIVERSITY,DELFT UNIVERSITY OF TECHNOLOGY,UNIVERSITY 
FR2542,EINDHOVEN UNIVERSITY OF TECHNOLOGY,NL,LIAISON,EINDHOVEN TECHNOLOGY UNIVERSITY,EINDHOVEN UNIVERSITY OF TECHNOLOGY,UNIVERSITY 
FR2555,ERASMUS UNIVERSITY ROTTERDAM,NL,LIAISON,ERASMUS ROTTERDAM UNIVERSITY,ERASMUS UNIVERSITY ROTTERDAM,UNIVERSITY 
FR2548,LEIDEN UNIVERSITY,NL,LIAISON,LEIDEN UNIVERSITY,LEIDEN UNIVERSITY,UNIVERSITY 
FR2556,NETHERLANDS INSTITUTE FOR HEALTH SCIENCES,NL,LIAISON,NETHERLANDS HEALTH SCIENCES INSTITUTE,NETHERLANDS INSTITUTE FOR HEALTH SCIENCES,INSTITUTE 
FR2558,NETHERLANDS INSTITUTE FOR SEA RESEARCH,NL,LIAISON,NETHERLANDS SEA RESEARCH INSTITUTE,NETHERLANDS INSTITUTE FOR SEA RESEARCH,INSTITUTE 
FR2539,"RIETVELD, GERRIT, ACADEMY",NL,LIAISON,RIETVELD GERRIT ACADEMY,"RIETVELD, GERRIT, ACADEMY",ACADEMY 
FR2545,RIJKS UNIVERSITEIT - GRONINGEN,NL,LIAISON,RIJKS UNIVERSITEIT GRONINGEN UNIVERSITY,RIJKS UNIVERSITEIT - GRONINGEN,UNIVERSITY 
FR2549,RIJKS UNIVERSITEIT - LEIDEN,NL,LIAISON,RIJKS UNIVERSITEIT LEIDEN UNIVERSITY,RIJKS UNIVERSITEIT - LEIDEN,UNIVERSITY 
FR2550,RIJKS UNIVERSITEIT - LIMBURG,NL,LIAISON,RIJKS UNIVERSITEIT LIMBURG UNIVERSITY,RIJKS UNIVERSITEIT - LIMBURG,UNIVERSITY 
DNT579,RIJKSUNIVERSITEIT GRONINGEN - FACULTEIT TANDHEELKUNDE/AFD. MONDHYGINE,NL,LIAISON,RIJKSUNIVERSITEIT GRONINGEN FACULTEIT TANDHEELKUNDE/AFD. MONDHYGINE ,RIJKSUNIVERSITEIT GRONINGEN - FACULTEIT TANDHEELKUNDE/AFD. MONDHYGINE,
FR2551,MAASTRICHT SCHOOL OF MANAGEMENT,NL,LIAISON,MAASTRICHT MANAGEMENT SCHOOL,MAASTRICHT SCHOOL OF MANAGEMENT,SCHOOL 
FR2631,NATIONAL ACADEMY OF FINE ARTS,NO,LIAISON,NATIONAL FINE ARTS ACADEMY,NATIONAL ACADEMY OF FINE ARTS,ACADEMY 
FR2633,ULLEVAL NURSERY SCHOOL,NO,LIAISON,ULLEVAL NURSERY SCHOOL,ULLEVAL NURSERY SCHOOL,SCHOOL 
FR2635,UNIVERSITET I TROMSO,NO,LIAISON,UNIVERSITET I TROMSO ,UNIVERSITET I TROMSO,
FR2630,UNIVERSITY OF BERGEN,NO,LIAISON,BERGEN UNIVERSITY,UNIVERSITY OF BERGEN,UNIVERSITY 
FR2632,UNIVERSITY OF OSLO,NO,LIAISON,OSLO UNIVERSITY,UNIVERSITY OF OSLO,UNIVERSITY 
FR2629,NORWEIGIAN SCHOOL OF ECONOMICS AND BUSINESS ADMINISTRATION,NO,LIAISON,NORWEIGIAN ECONOMICS BUSINESS ADMINISTRATION SCHOOL,NORWEIGIAN SCHOOL OF ECONOMICS AND BUSINESS ADMINISTRATION,SCHOOL 
DNT586,FAKULTETSSEKRETARIATET - DET ODONTOLOGISKE FAKULTET,NO,LIAISON,FAKULTETSSEKRETARIATET DET ODONTOLOGISKE FAKULTET ,FAKULTETSSEKRETARIATET - DET ODONTOLOGISKE FAKULTET,
DNT587,GEITMYRSVEIEN - DET ODONTOLOGISKE FAKULTET,NO,LIAISON,GEITMYRSVEIEN DET ODONTOLOGISKE FAKULTET ,GEITMYRSVEIEN - DET ODONTOLOGISKE FAKULTET,
FR2634,NORWEGIAN SCHOOL OF MGMT,NO,LIAISON,NORWEGIAN MGMT SCHOOL,NORWEGIAN SCHOOL OF MGMT,SCHOOL 
FR2636,NORWEGIAN UNIVERSITY OF SCIENCE AND TECHNOLOGY,NO,LIAISON,NORWEGIAN SCIENCE TECHNOLOGY UNIVERSITY,NORWEGIAN UNIVERSITY OF SCIENCE AND TECHNOLOGY,UNIVERSITY 
FR2628,AGRICULTURAL UNIVERSITY OF NORWAY,NO,LIAISON,AGRICULTURAL NORWAY UNIVERSITY,AGRICULTURAL UNIVERSITY OF NORWAY,UNIVERSITY 
FR2577,NATIONAL AUTONOMOUS UNIVERSITY - NICARAGUA,NU,LIAISON,NATIONAL AUTONOMOUS NICARAGUA UNIVERSITY,NATIONAL AUTONOMOUS UNIVERSITY - NICARAGUA,UNIVERSITY 
FR2579,UNIVERSIDAD AMERICANA,NU,LIAISON,UNIVERSIDAD AMERICANA ,UNIVERSIDAD AMERICANA,
FR2578,INSTITUTO CENTROAMERICANO,NU,LIAISON,INSTITUTO CENTROAMERICANO ,INSTITUTO CENTROAMERICANO,
FR2580,AVE MARIA COLLEGE OF THE AMERICAS,NU,LIAISON,AVE MARIA THE AMERICAS COLLEGE,AVE MARIA COLLEGE OF THE AMERICAS,COLLEGE 
DNT581,UNIVERSIDAD NACIONAL DE NICARAGUA - ESCUELA DE ODONTOLOGIA,NU,LIAISON,UNIVERSIDAD NACIONAL DE NICARAGUA ESCUELA DE ODONTOLOGIA ,UNIVERSIDAD NACIONAL DE NICARAGUA - ESCUELA DE ODONTOLOGIA,
FR2570,LINCOLN COLLEGE (NEW ZEALAND),NZ,LIAISON,LINCOLN (NEW ZEALAND) COLLEGE,LINCOLN COLLEGE (NEW ZEALAND),COLLEGE 
FR2572,MASSEY UNIVERSITY,NZ,LIAISON,MASSEY UNIVERSITY,MASSEY UNIVERSITY,UNIVERSITY 
FR2568,UNIVERSITY OF AUCKLAND,NZ,LIAISON,AUCKLAND UNIVERSITY,UNIVERSITY OF AUCKLAND,UNIVERSITY 
FR2569,UNIVERSITY OF CANTERBURY,NZ,LIAISON,CANTERBURY UNIVERSITY,UNIVERSITY OF CANTERBURY,UNIVERSITY 
FR2573,UNIVERSITY OF WAIKATO,NZ,LIAISON,WAIKATO UNIVERSITY,UNIVERSITY OF WAIKATO,UNIVERSITY 
FR2566,AUCKLAND UNIVERSITY,NZ,LIAISON,AUCKLAND UNIVERSITY,AUCKLAND UNIVERSITY,UNIVERSITY 
FR2574,WANGANUI REGIONAL COMMUNITY POLYTECH,NZ,LIAISON,WANGANUI REGIONAL COMMUNITY POLYTECH ,WANGANUI REGIONAL COMMUNITY POLYTECH,
FR2576,WELLINGTON CONSERVATORY OF MUSIC,NZ,LIAISON,WELLINGTON MUSIC CONSERVATORY,WELLINGTON CONSERVATORY OF MUSIC,CONSERVATORY 
FR2571,UNIVERSITY OF OTAGO,NZ,LIAISON,OTAGO UNIVERSITY,UNIVERSITY OF OTAGO,UNIVERSITY 
DNT580,UNIVERSITY OF OTAGO - SCHOOL OF DENTISTRY,NZ,LIAISON,OTAGO DENTISTRY UNIVERSITY SCHOOL,UNIVERSITY OF OTAGO - SCHOOL OF DENTISTRY,UNIVERSITY SCHOOL 
FR2567,BIBLE COLLEGE OF NEW ZEALAND,NZ,LIAISON,BIBLE NEW ZEALAND COLLEGE,BIBLE COLLEGE OF NEW ZEALAND,COLLEGE 
FR2575,VICTORIA UNIVERSITY,NZ,LIAISON,VICTORIA UNIVERSITY,VICTORIA UNIVERSITY,UNIVERSITY 
FR2719,LA MOLINA NAT AGRIAN UNIVERSITY,PE,LIAISON,LA MOLINA NAT AGRIAN UNIVERSITY,LA MOLINA NAT AGRIAN UNIVERSITY,UNIVERSITY 
FR2720,NATIONAL UNIVERSITY OF SAN MARCOS,PE,LIAISON,NATIONAL SAN MARCOS UNIVERSITY,NATIONAL UNIVERSITY OF SAN MARCOS,UNIVERSITY 
FR2729,NATIONAL UNIVERSITY OF TRUJILLO,PE,LIAISON,NATIONAL TRUJILLO UNIVERSITY,NATIONAL UNIVERSITY OF TRUJILLO,UNIVERSITY 
FR2721,PONTIFICIA UNIVERSITY CATOLICA-PERU,PE,LIAISON,PONTIFICIA CATOLICAPERU UNIVERSITY,PONTIFICIA UNIVERSITY CATOLICA-PERU,UNIVERSITY 
FR2722,U NACIONAL MAYOR DE SAN MARCOS,PE,LIAISON,NACIONAL MAYOR DE SAN MARCOS UNIVERSITY,U NACIONAL MAYOR DE SAN MARCOS,UNIVERSITY 
DNT594,UNIVERSIDAD CATOLICA SANTA MARIA DE AREQUIPA - PROGRAMA ACADMICO DE ODONTOLOGA,PE,LIAISON,UNIVERSIDAD CATOLICA SANTA MARIA DE AREQUIPA PROGRAMA ACADMICO DE ODONTOLOGA ,UNIVERSIDAD CATOLICA SANTA MARIA DE AREQUIPA - PROGRAMA ACADMICO DE ODONTOLOGA,
FR2723,UNIVERSIDAD DEL PACIFICO,PE,LIAISON,UNIVERSIDAD DEL PACIFICO ,UNIVERSIDAD DEL PACIFICO,
DNT596,UNIVERSIDAD NACIONAL DE TRUJILLO - ESCUELA DE ESTOMATOLOGIA,PE,LIAISON,UNIVERSIDAD NACIONAL DE TRUJILLO ESCUELA DE ESTOMATOLOGIA ,UNIVERSIDAD NACIONAL DE TRUJILLO - ESCUELA DE ESTOMATOLOGIA,
DNT595,UNIVERSIDAD NACIONAL FEDERICO VILLARREAL - FACULTAD DE ODONTOLOGIA,PE,LIAISON,UNIVERSIDAD NACIONAL FEDERICO VILLARREAL FACULTAD DE ODONTOLOGIA ,UNIVERSIDAD NACIONAL FEDERICO VILLARREAL - FACULTAD DE ODONTOLOGIA,
FR2724,UNIVERSIDAD NACIONAL INGENIIER,PE,LIAISON,UNIVERSIDAD NACIONAL INGENIIER ,UNIVERSIDAD NACIONAL INGENIIER,
DNT597,UNIVERSIDAD NACIONAL MAYOR DE SAN MARCOS - FACULTAD DE ODONTOLOGIA,PE,LIAISON,UNIVERSIDAD NACIONAL MAYOR DE SAN MARCOS FACULTAD DE ODONTOLOGIA ,UNIVERSIDAD NACIONAL MAYOR DE SAN MARCOS - FACULTAD DE ODONTOLOGIA,
DNT598,UNIVERSIDAD NACIONAL SAN LUIS GONZAGA DE ICA - FACULTAD DE ODONTOLOGIA,PE,LIAISON,UNIVERSIDAD NACIONAL SAN LUIS GONZAGA DE ICA FACULTAD DE ODONTOLOGIA ,UNIVERSIDAD NACIONAL SAN LUIS GONZAGA DE ICA - FACULTAD DE ODONTOLOGIA,
DNT599,UNIVERSIDAD NACIONAL SAN LUIS GONZAGA DE ICA - PROGRAMA ACADMICO DE ODONTOLOGA,PE,LIAISON,UNIVERSIDAD NACIONAL SAN LUIS GONZAGA DE ICA PROGRAMA ACADMICO DE ODONTOLOGA ,UNIVERSIDAD NACIONAL SAN LUIS GONZAGA DE ICA - PROGRAMA ACADMICO DE ODONTOLOGA,
DNT600,UNIVERSIDAD ONCA GARCILASO DE LA VEGA - FACULTAD DE ESTOMATOLOGIA,PE,LIAISON,UNIVERSIDAD ONCA GARCILASO DE LA VEGA FACULTAD DE ESTOMATOLOGIA ,UNIVERSIDAD ONCA GARCILASO DE LA VEGA - FACULTAD DE ESTOMATOLOGIA,
DNT601,UNIVERSIDAD PARTICULAR SAN MARTIN DE PORRES - FACULTAD DE ODONTOLOGIA,PE,LIAISON,UNIVERSIDAD PARTICULAR SAN MARTIN DE PORRES FACULTAD DE ODONTOLOGIA ,UNIVERSIDAD PARTICULAR SAN MARTIN DE PORRES - FACULTAD DE ODONTOLOGIA,
FR2725,UNIVERSIDAD PERUANAN CAYETANO,PE,LIAISON,UNIVERSIDAD PERUANAN CAYETANO ,UNIVERSIDAD PERUANAN CAYETANO,
FR2726,UNIVERSIDAD RICARDO PALMA,PE,LIAISON,UNIVERSIDAD RICARDO PALMA ,UNIVERSIDAD RICARDO PALMA,
FR2717,"CATOLICA UNIVERSIDAD-LIMA,PERU",PE,LIAISON,CATOLICA UNIVERSIDADLIMAPERU UNIVERSITY,"CATOLICA UNIVERSIDAD-LIMA,PERU",UNIVERSITY 
FR2718,CAYETANO HEREDIA UNIVERSITY,PE,LIAISON,CAYETANO HEREDIA UNIVERSITY,CAYETANO HEREDIA UNIVERSITY,UNIVERSITY 
FR2727,UNIVERSITY OF LIMA,PE,LIAISON,LIMA UNIVERSITY,UNIVERSITY OF LIMA,UNIVERSITY 
DNT593,AV. HONORIO DELGADO - 430 URB. INGENIERIA L31 - FACULTAD DE ESTOMATOLOGIA,PE,LIAISON,AV. HONORIO DELGADO 430 URB. INGENIERIA L31 FACULTAD DE ESTOMATOLOGIA UNIVERSITY,AV. HONORIO DELGADO - 430 URB. INGENIERIA L31 - FACULTAD DE ESTOMATOLOGIA,UNIVERSITY 
FR2728,UNIVERSITY NACIONAL DE SAN ANTONIO,PE,LIAISON,NACIONAL DE SAN ANTONIO UNIVERSITY,UNIVERSITY NACIONAL DE SAN ANTONIO,UNIVERSITY 
FR2716,SAN LUIS GONZAGA STATE UNIVERSITY,PE,LIAISON,SAN LUIS GONZAGA STATE UNIVERSITY,SAN LUIS GONZAGA STATE UNIVERSITY,UNIVERSITY 
FR2772,UNIVERSITY OF ODANSK,PL,LIAISON,ODANSK UNIVERSITY,UNIVERSITY OF ODANSK,UNIVERSITY 
FR2770,MAJOR SEMINARY,PL,LIAISON,MAJOR SEMINARY ,MAJOR SEMINARY,
DNT633,WYDZIALU LEKARSKIEGO - ODDIZIAL STOMATOLOGICZNY,PL,LIAISON,WYDZIALU LEKARSKIEGO ODDIZIAL STOMATOLOGICZNY ,WYDZIALU LEKARSKIEGO - ODDIZIAL STOMATOLOGICZNY,
DNT630,WYDZIAL STOMATOLOGICZNY - SZCZECIN,PL,LIAISON,WYDZIAL STOMATOLOGICZNY SZCZECIN ,WYDZIAL STOMATOLOGICZNY - SZCZECIN,
FR2783,WROCLAW UNIVERSITY,PL,LIAISON,WROCLAW UNIVERSITY,WROCLAW UNIVERSITY,UNIVERSITY 
FR2773,ADAM MICKIEWICZ UNIVERSITY,PL,LIAISON,ADAM MICKIEWICZ UNIVERSITY,ADAM MICKIEWICZ UNIVERSITY,UNIVERSITY 
FR2763,ACADEMY OF MUSIC - CRACOW,PL,LIAISON,MUSIC CRACOW ACADEMY,ACADEMY OF MUSIC - CRACOW,ACADEMY 
FR2767,ACADEMY OF MEDICINE - LODZ,PL,LIAISON,MEDICINE LODZ ACADEMY,ACADEMY OF MEDICINE - LODZ,ACADEMY 
DNT624,ACADEMIA MEDICA GADANESIS - ODDZIAL STOMATOLOGICZNY,PL,LIAISON,ACADEMIA MEDICA GADANESIS ODDZIAL STOMATOLOGICZNY ,ACADEMIA MEDICA GADANESIS - ODDZIAL STOMATOLOGICZNY,
OS0046,CENTRAL EUROPEAN UNIVERSITY,PL,LIAISON,CENTRAL EUROPEAN UNIVERSITY,CENTRAL EUROPEAN UNIVERSITY,UNIVERSITY 
FR2782,WARSAW UNIVERSITY OF TECHNOLOGY,PL,LIAISON,WARSAW TECHNOLOGY UNIVERSITY,WARSAW UNIVERSITY OF TECHNOLOGY,UNIVERSITY 
FR2781,WARSAW SCHOOL OF ECONOMICS,PL,LIAISON,WARSAW ECONOMICS SCHOOL,WARSAW SCHOOL OF ECONOMICS,SCHOOL 
DNT631,WYDZIALU LEKARSKIEGO AKADEMII MEDYCZENEJ - ODDIZIAL STOMATOLOGICZNY,PL,LIAISON,WYDZIALU LEKARSKIEGO AKADEMII MEDYCZENEJ ODDIZIAL STOMATOLOGICZNY ,WYDZIALU LEKARSKIEGO AKADEMII MEDYCZENEJ - ODDIZIAL STOMATOLOGICZNY,
FR2768,LODZ ACADEMY,PL,LIAISON,LODZ ACADEMY,LODZ ACADEMY,ACADEMY 
FR2775,UNIVERSITY OF GDANSK,PL,LIAISON,GDANSK UNIVERSITY,UNIVERSITY OF GDANSK,UNIVERSITY 
FR2780,UNIVERSITY OF WARSAW,PL,LIAISON,WARSAW UNIVERSITY,UNIVERSITY OF WARSAW,UNIVERSITY 
FR2769,UNIVERSITY OF LODZ,PL,LIAISON,LODZ UNIVERSITY,UNIVERSITY OF LODZ,UNIVERSITY 
FR2774,UNIVERSITY OF ECONOMICS - POLAND,PL,LIAISON,ECONOMICS POLAND UNIVERSITY,UNIVERSITY OF ECONOMICS - POLAND,UNIVERSITY 
FR2764,SLASKI UNIWERSYTET,PL,LIAISON,SLASKI UNIWERSYTET UNIVERSITY,SLASKI UNIWERSYTET,UNIVERSITY 
FR2761,MARCHLEWSKI MEDICAL ACADEMY,PL,LIAISON,MARCHLEWSKI MEDICAL ACADEMY,MARCHLEWSKI MEDICAL ACADEMY,ACADEMY 
FR2778,FR CHOPIN ACADEMY OF MUSIC,PL,LIAISON,FR CHOPIN MUSIC ACADEMY,FR CHOPIN ACADEMY OF MUSIC,ACADEMY 
FR2762,MEDICAL ACADEMY IN BIALYSTOK,PL,LIAISON,MEDICAL BIALYSTOK ACADEMY,MEDICAL ACADEMY IN BIALYSTOK,ACADEMY 
FR2771,MEDICAL ACADEMY IN LUBLIN,PL,LIAISON,MEDICAL LUBLIN ACADEMY,MEDICAL ACADEMY IN LUBLIN,ACADEMY 
DNT625,MEDICAL UNIVERSITY OF LODZ - FACULTY OF MEDECINE AND DENTISTRY,PL,LIAISON,MEDICAL LODZ FACULTY MEDECINE DENTISTRY UNIVERSITY,MEDICAL UNIVERSITY OF LODZ - FACULTY OF MEDECINE AND DENTISTRY,UNIVERSITY 
DNT626,MEDICAL UNIVERSITY OF SILESIA (KATOWICE) - ODDZIAL STOMATOLOGICZNY,PL,LIAISON,MEDICAL SILESIA (KATOWICE) ODDZIAL STOMATOLOGICZNY UNIVERSITY,MEDICAL UNIVERSITY OF SILESIA (KATOWICE) - ODDZIAL STOMATOLOGICZNY,UNIVERSITY 
FR2766,"JAGIELLONIAN UNIVERSITY, SCHOOL OF MEDICINE",PL,LIAISON,JAGIELLONIAN MEDICINE UNIVERSITY SCHOOL,"JAGIELLONIAN UNIVERSITY, SCHOOL OF MEDICINE",UNIVERSITY SCHOOL 
FR2776,NICHOLAS COPERNICUS UNIVERSITY,PL,LIAISON,NICHOLAS COPERNICUS UNIVERSITY,NICHOLAS COPERNICUS UNIVERSITY,UNIVERSITY 
DNT627,ODDZIAL STOMATOLOGICZNY - POZNA,PL,LIAISON,ODDZIAL STOMATOLOGICZNY POZNA ,ODDZIAL STOMATOLOGICZNY - POZNA,
DNT628,ODDZIAL STOMATOLOGICZNY - WARSZAWA,PL,LIAISON,ODDZIAL STOMATOLOGICZNY WARSZAWA ,ODDZIAL STOMATOLOGICZNY - WARSZAWA,
DNT629,ODDZIAL STOMATOLOGICZNY - WROCLAW,PL,LIAISON,ODDZIAL STOMATOLOGICZNY WROCLAW ,ODDZIAL STOMATOLOGICZNY - WROCLAW,
FR2779,PWSBIA,PL,LIAISON,PWSBIA ,PWSBIA,
FR2765,JAGIELLONIAN UNIVERSITY,PL,LIAISON,JAGIELLONIAN UNIVERSITY,JAGIELLONIAN UNIVERSITY,UNIVERSITY 
FR2788,INSTITUTO SUPERIOR TECNICO,PO,LIAISON,INSTITUTO SUPERIOR TECNICO ,INSTITUTO SUPERIOR TECNICO,
FR2792,INSTITUTO SUPERIOR DE CIENCIAS SOCIAIA E POLITICAS,PO,LIAISON,INSTITUTO SUPERIOR DE CIENCIAS SOCIAIA E POLITICAS ,INSTITUTO SUPERIOR DE CIENCIAS SOCIAIA E POLITICAS,
DNT638,INSTITUTO SUPERIOR DE CINCIAS DA SADE DO SUL,PO,LIAISON,INSTITUTO SUPERIOR DE CINCIAS DA SADE DO SUL ,INSTITUTO SUPERIOR DE CINCIAS DA SADE DO SUL,
DNT637,INSTITUTO SUPERIOR DE CINCIAS DA SADE DO NORTE,PO,LIAISON,INSTITUTO SUPERIOR DE CINCIAS DA SADE DO NORTE ,INSTITUTO SUPERIOR DE CINCIAS DA SADE DO NORTE,
FR2791,INSTITUTO DE FORMACAO BANCARIA,PO,LIAISON,INSTITUTO DE FORMACAO BANCARIA ,INSTITUTO DE FORMACAO BANCARIA,
FR2789,CEMAF/ISCTE - PORTUGAL,PO,LIAISON,CEMAF/ISCTE PORTUGAL ,CEMAF/ISCTE - PORTUGAL,
FR2794,UNIVERSIDADE LUSIADA,PO,LIAISON,UNIVERSIDADE LUSIADA ,UNIVERSIDADE LUSIADA,
DNT640,UNIVERSIDADE FERNANDO PESSOA,PO,LIAISON,UNIVERSIDADE FERNANDO PESSOA ,UNIVERSIDADE FERNANDO PESSOA,
FR2785,UNIVERSIDADE DO MINHO,PO,LIAISON,UNIVERSIDADE DO MINHO ,UNIVERSIDADE DO MINHO,
FR2800,UNIVERSIDADE DE PORTO,PO,LIAISON,UNIVERSIDADE DE PORTO ,UNIVERSIDADE DE PORTO,
FR2787,UNIVERSIDADE DE EVORA,PO,LIAISON,UNIVERSIDADE DE EVORA ,UNIVERSIDADE DE EVORA,
DNT639,UNIVERSIDADE CATLICA PORTUGUESA,PO,LIAISON,UNIVERSIDADE CATLICA PORTUGUESA ,UNIVERSIDADE CATLICA PORTUGUESA,
FR2799,PORTO MEDICAL SCHOOL,PO,LIAISON,PORTO MEDICAL SCHOOL,PORTO MEDICAL SCHOOL,SCHOOL 
FR2790,UNIVERSITY OF LISBON - COLLEGE OF PHARMACY,PO,LIAISON,LISBON PHARMACY UNIVERSITY COLLEGE,UNIVERSITY OF LISBON - COLLEGE OF PHARMACY,UNIVERSITY COLLEGE 
FR2797,UNIVERSITY OF LISBON,PO,LIAISON,LISBON UNIVERSITY,UNIVERSITY OF LISBON,UNIVERSITY 
FR2786,UNIVERSITY OF COIMBRA,PO,LIAISON,COIMBRA UNIVERSITY,UNIVERSITY OF COIMBRA,UNIVERSITY 
FR2793,UNIVERSITY CATOLICA PORTUGUESA,PO,LIAISON,CATOLICA PORTUGUESA UNIVERSITY,UNIVERSITY CATOLICA PORTUGUESA,UNIVERSITY 
FR2798,FACULDADE ECONOMIA,PO,LIAISON,FACULDADE ECONOMIA ,FACULDADE ECONOMIA,
FR2795,UNIVERSIDADE NOVA DE LISBOA,PO,LIAISON,UNIVERSIDADE NOVA DE LISBOA ,UNIVERSIDADE NOVA DE LISBOA,
FR2796,UNIVERSIDADE TECNICA  LISBOA,PO,LIAISON,UNIVERSIDADE TECNICA LISBOA ,UNIVERSIDADE TECNICA  LISBOA,
DNT636,FACULDADE DE MEDICINA DENTRIA DO PORTO,PO,LIAISON,FACULDADE DE MEDICINA DENTRIA DO PORTO ,FACULDADE DE MEDICINA DENTRIA DO PORTO,
DNT634,FACULDADE DE MEDICINA DA UNIVERSIDADE DE COIMBRA,PO,LIAISON,FACULDADE DE MEDICINA DA UNIVERSIDADE DE COIMBRA UNIVERSITY,FACULDADE DE MEDICINA DA UNIVERSIDADE DE COIMBRA,UNIVERSITY 
DNT635,FACULDADE DE MEDICINA DENTRIA DE LISBOA,PO,LIAISON,FACULDADE DE MEDICINA DENTRIA DE LISBOA ,FACULDADE DE MEDICINA DENTRIA DE LISBOA,
FR2827,SPIRU HARET UNIVERSITY,RO,LIAISON,SPIRU HARET UNIVERSITY,SPIRU HARET UNIVERSITY,UNIVERSITY 
DNT650,UNIVERSITY OF SIBIU,RO,LIAISON,SIBIU UNIVERSITY,UNIVERSITY OF SIBIU,UNIVERSITY 
DNT651,UNIVERSITY OVIDIUS,RO,LIAISON,OVIDIUS UNIVERSITY,UNIVERSITY OVIDIUS,UNIVERSITY 
FR2830,UNIVERSITY POLITECHNICA,RO,LIAISON,POLITECHNICA UNIVERSITY,UNIVERSITY POLITECHNICA,UNIVERSITY 
FR2814,VASILE GOLDIS VEST UNIVERSITY,RO,LIAISON,VASILE GOLDIS VEST UNIVERSITY,VASILE GOLDIS VEST UNIVERSITY,UNIVERSITY 
DNT652,VICTOR BABE UNIVERSITY OF MEDICINE AND PHARMACY,RO,LIAISON,VICTOR BABE MEDICINE PHARMACY UNIVERSITY,VICTOR BABE UNIVERSITY OF MEDICINE AND PHARMACY,UNIVERSITY 
FR2843,WEST UNIVERSITY OF TIMISOARA,RO,LIAISON,WEST TIMISOARA UNIVERSITY,WEST UNIVERSITY OF TIMISOARA,UNIVERSITY 
DNT653,WESTERN UNIVERSITY VASILE GOLDI,RO,LIAISON,WESTERN VASILE GOLDI UNIVERSITY,WESTERN UNIVERSITY VASILE GOLDI,UNIVERSITY 
FR2834,UNIVERSITY OF MEDICINE AND PHARMACY - CLUJ-NAPOCA,RO,LIAISON,MEDICINE PHARMACY CLUJNAPOCA UNIVERSITY,UNIVERSITY OF MEDICINE AND PHARMACY - CLUJ-NAPOCA,UNIVERSITY 
FR2837,UNIVERSITY OF MEDICINE AND PHARMACY - CRAIOVA,RO,LIAISON,MEDICINE PHARMACY CRAIOVA UNIVERSITY,UNIVERSITY OF MEDICINE AND PHARMACY - CRAIOVA,UNIVERSITY 
FR2842,UNIVERSITY OF PITESTI,RO,LIAISON,PITESTI UNIVERSITY,UNIVERSITY OF PITESTI,UNIVERSITY 
FR2826,POLYTECHNIC INSTITUTE OF BUCHAREST,RO,LIAISON,POLYTECHNIC BUCHAREST INSTITUTE,POLYTECHNIC INSTITUTE OF BUCHAREST,INSTITUTE 
FR2815,NATIONAL COLLEGE ANDREI SAGUNA,RO,LIAISON,NATIONAL ANDREI SAGUNA COLLEGE,NATIONAL COLLEGE ANDREI SAGUNA,COLLEGE 
FR2824,NATIONAL COLLEGE SAINT SAVA,RO,LIAISON,NATIONAL SAINT SAVA COLLEGE,NATIONAL COLLEGE SAINT SAVA,COLLEGE 
FR2825,NATIONAL SCHOOL POLITICAL STUDIES PUBLIC ADMININSTRATION,RO,LIAISON,NATIONAL POLITICAL STUDIES PUBLIC ADMININSTRATION SCHOOL,NATIONAL SCHOOL POLITICAL STUDIES PUBLIC ADMININSTRATION,SCHOOL 
DNT648,TRGU - MURE UNIVERSITY OF MEDICINE AND PHARMACY,RO,LIAISON,TRGU MURE MEDICINE PHARMACY UNIVERSITY,TRGU - MURE UNIVERSITY OF MEDICINE AND PHARMACY,UNIVERSITY 
DNT647,TITU MAIORESCU UNIVERSITY OF MEDICINE AND PHARMACY,RO,LIAISON,TITU MAIORESCU MEDICINE PHARMACY UNIVERSITY,TITU MAIORESCU UNIVERSITY OF MEDICINE AND PHARMACY,UNIVERSITY 
FR2838,UNIVERSITATEA DIN CRAIOVA,RO,LIAISON,UNIVERSITATEA DIN CRAIOVA ,UNIVERSITATEA DIN CRAIOVA,
FR2828,"UNIVERSITATEA ECOLOGICA, BUCHAREST",RO,LIAISON,UNIVERSITATEA ECOLOGICA BUCHAREST ,"UNIVERSITATEA ECOLOGICA, BUCHAREST",
FR2829,"UNIVERSITATEA ECOLOGICA, FACULTATEA DE MEDICINA GENERALA",RO,LIAISON,UNIVERSITATEA ECOLOGICA FACULTATEA DE MEDICINA GENERALA ,"UNIVERSITATEA ECOLOGICA, FACULTATEA DE MEDICINA GENERALA",
FR2835,UNIVERSITATEA TEHNICA UTC-N,RO,LIAISON,UNIVERSITATEA TEHNICA UTCN UNIVERSITY,UNIVERSITATEA TEHNICA UTC-N,UNIVERSITY 
FR2839,UNIVERSITY ALEXANDRU IOAN CUZA,RO,LIAISON,ALEXANDRU IOAN CUZA UNIVERSITY,UNIVERSITY ALEXANDRU IOAN CUZA,UNIVERSITY 
DNT649,UNIVERSITY APOLLONIA,RO,LIAISON,APOLLONIA UNIVERSITY,UNIVERSITY APOLLONIA,UNIVERSITY 
FR2840,UNIVERSITY MEDICAL AND PHARMACY GR T POPA,RO,LIAISON,MEDICAL PHARMACY GR T POPA UNIVERSITY,UNIVERSITY MEDICAL AND PHARMACY GR T POPA,UNIVERSITY 
DNT644,FACULTY OF MEDICINE AND PHARMACY,RO,LIAISON,FACULTY MEDICINE PHARMACY ,FACULTY OF MEDICINE AND PHARMACY,
FR2821,"FACULTY OF MEDICINE, BUCHAREST",RO,LIAISON,FACULTY MEDICINE BUCHAREST ,"FACULTY OF MEDICINE, BUCHAREST",
FR2822,FACULTY OF STOMATOLOGY,RO,LIAISON,FACULTY STOMATOLOGY ,FACULTY OF STOMATOLOGY,
DNT645,G.T. POPA UNIVERSITY OF MEDICINE AND PHARMACY,RO,LIAISON,G.T. POPA MEDICINE PHARMACY UNIVERSITY,G.T. POPA UNIVERSITY OF MEDICINE AND PHARMACY,UNIVERSITY 
FR2823,MEDICO-PHARACEUTICAL INSTITUTE OF BUCHAREST,RO,LIAISON,MEDICOPHARACEUTICAL BUCHAREST INSTITUTE,MEDICO-PHARACEUTICAL INSTITUTE OF BUCHAREST,INSTITUTE 
FR2841,MOLDOVA STATE UNIVERSITY,RO,LIAISON,MOLDOVA STATE UNIVERSITY,MOLDOVA STATE UNIVERSITY,UNIVERSITY 
FR2817,BUCHAREST MEDICAL UNIVERSITY,RO,LIAISON,BUCHAREST MEDICAL UNIVERSITY,BUCHAREST MEDICAL UNIVERSITY,UNIVERSITY 
FR2818,BUCHAREST UNIVERSITY,RO,LIAISON,BUCHAREST UNIVERSITY,BUCHAREST UNIVERSITY,UNIVERSITY 
DNT642,BUCURETI UNIVERSITY OF MEDICINE AND PHARMACY,RO,LIAISON,BUCURETI MEDICINE PHARMACY UNIVERSITY,BUCURETI UNIVERSITY OF MEDICINE AND PHARMACY,UNIVERSITY 
FR2819,CAROL DAVILA UNIVERSITY,RO,LIAISON,CAROL DAVILA UNIVERSITY,CAROL DAVILA UNIVERSITY,UNIVERSITY 
FR2833,CLUJ-NAPOCA UNIVERSITY,RO,LIAISON,CLUJNAPOCA UNIVERSITY,CLUJ-NAPOCA UNIVERSITY,UNIVERSITY 
DNT643,CRAIOVA UNIVERSITY OF MEDICINE AND PHARMACY,RO,LIAISON,CRAIOVA MEDICINE PHARMACY UNIVERSITY,CRAIOVA UNIVERSITY OF MEDICINE AND PHARMACY,UNIVERSITY 
FR2832,ACADEMY OF ECONOMIC STUDIES - ROMANIA,RO,LIAISON,ECONOMIC STUDIES ROMANIA ACADEMY,ACADEMY OF ECONOMIC STUDIES - ROMANIA,ACADEMY 
FR2816,ACADEMY OF ECONOMICS - ROMANIA,RO,LIAISON,ECONOMICS ROMANIA ACADEMY,ACADEMY OF ECONOMICS - ROMANIA,ACADEMY 
FR2836,BABES-BOLYAI UNIVERSITY,RO,LIAISON,BABESBOLYAI UNIVERSITY,BABES-BOLYAI UNIVERSITY,UNIVERSITY 
DNT646,I. HAIEGANU UNIVERSITY OF MEDICINE AND PHARMACY,RO,LIAISON,I. HAIEGANU MEDICINE PHARMACY UNIVERSITY,I. HAIEGANU UNIVERSITY OF MEDICINE AND PHARMACY,UNIVERSITY 
FR2831,ION MINCU UNIVERSITY DE ARCHITECTURA,RO,LIAISON,ION MINCU DE ARCHITECTURA UNIVERSITY,ION MINCU UNIVERSITY DE ARCHITECTURA,UNIVERSITY 
FR2844,DOBRUDJAN COLLEGE-SPIRU MARET,RO,LIAISON,DOBRUDJAN SPIRU MARET COLLEGE,DOBRUDJAN COLLEGE-SPIRU MARET,COLLEGE 
FR2820,FACULTY OF INTERNATIONAL TRADE AND ECONOMICS,RO,LIAISON,FACULTY INTERNATIONAL TRADE ECONOMICS ,FACULTY OF INTERNATIONAL TRADE AND ECONOMICS,
FR2951,RWANDAN NATIONAL UNIVERSITY,RW,LIAISON,RWANDAN NATIONAL UNIVERSITY,RWANDAN NATIONAL UNIVERSITY,UNIVERSITY 
DNT679,KIGALI HEALTH INSTITUTE,RW,LIAISON,KIGALI HEALTH INSTITUTE,KIGALI HEALTH INSTITUTE,INSTITUTE 
FR2952,IAMSEA,RW,LIAISON,IAMSEA ,IAMSEA,
FR3131,UPPSALA UNIVERSITY,SW,LIAISON,UPPSALA UNIVERSITY,UPPSALA UNIVERSITY,UNIVERSITY 
FR3124,KAROLINSKA INSTITUTET,SW,LIAISON,KAROLINSKA T INSTITUTE,KAROLINSKA INSTITUTET,INSTITUTE 
FR3126,STOCKHOLM SCHOOL OF ECONOMICS,SW,LIAISON,STOCKHOLM ECONOMICS SCHOOL,STOCKHOLM SCHOOL OF ECONOMICS,SCHOOL 
FR3127,STOCKHOLM SCHOOL OF MEDICINE,SW,LIAISON,STOCKHOLM MEDICINE SCHOOL,STOCKHOLM SCHOOL OF MEDICINE,SCHOOL 
FR3128,STOCKHOLM UNIVERSITY,SW,LIAISON,STOCKHOLM UNIVERSITY,STOCKHOLM UNIVERSITY,UNIVERSITY 
DNT711,TANDLKARHGSKOLAN,SW,LIAISON,TANDLKARHGSKOLAN ,TANDLKARHGSKOLAN,
DNT712,TANDVRDSHGSKOLAN,SW,LIAISON,TANDVRDSHGSKOLAN ,TANDVRDSHGSKOLAN,
DNT709,GTEBORG UNIVERSITY,SW,LIAISON,GTEBORG UNIVERSITY,GTEBORG UNIVERSITY,UNIVERSITY 
FR3115,GOTEBORGS UNIVERSITAT,SW,LIAISON,GOTEBORGS UNIVERSITAT UNIVERSITY,GOTEBORGS UNIVERSITAT,UNIVERSITY 
FR3118,NAVAL ACADEMY - SWEDEN,SW,LIAISON,NAVAL SWEDEN ACADEMY,NAVAL ACADEMY - SWEDEN,ACADEMY 
FR3116,NORDIC SCHOOL OF PUBLIC HEALTH,SW,LIAISON,NORDIC PUBLIC HEALTH SCHOOL,NORDIC SCHOOL OF PUBLIC HEALTH,SCHOOL 
FR3125,ROYAL INSTITUTE OF TECHNOLOGY,SW,LIAISON,ROYAL TECHNOLOGY INSTITUTE,ROYAL INSTITUTE OF TECHNOLOGY,INSTITUTE 
FR3120,LINKOPING UNIVERSITY,SW,LIAISON,LINKOPING UNIVERSITY,LINKOPING UNIVERSITY,UNIVERSITY 
FR3121,LUND UNIVERSITY,SW,LIAISON,LUND UNIVERSITY,LUND UNIVERSITY,UNIVERSITY 
FR3122,LUND UNIVERSITY MEDICAL SCHOOL,SW,LIAISON,LUND MEDICAL UNIVERSITY SCHOOL,LUND UNIVERSITY MEDICAL SCHOOL,UNIVERSITY SCHOOL 
FR3132,MALARDALEN UNIVERSITY,SW,LIAISON,MALARDALEN UNIVERSITY,MALARDALEN UNIVERSITY,UNIVERSITY 
FR3123,MALMO ACADEMY OF MUSIC,SW,LIAISON,MALMO MUSIC ACADEMY,MALMO ACADEMY OF MUSIC,ACADEMY 
FR3130,UMEA UNIVERSITY,SW,LIAISON,UMEA UNIVERSITY,UMEA UNIVERSITY,UNIVERSITY 
FR3114,CHALMERS UNIVERSITY OF TECHNOLOGY,SW,LIAISON,CHALMERS TECHNOLOGY UNIVERSITY,CHALMERS UNIVERSITY OF TECHNOLOGY,UNIVERSITY 
FR3117,GOTHENBURG UNIVERSITY,SW,LIAISON,GOTHENBURG UNIVERSITY,GOTHENBURG UNIVERSITY,UNIVERSITY 
FR3134,GOTLAND UNIVERSITY COLLEGE,SW,LIAISON,GOTLAND UNIVERSITY COLLEGE,GOTLAND UNIVERSITY COLLEGE,UNIVERSITY COLLEGE 
FR3119,KARLSTADS UNIVERSITET,SW,LIAISON,KARLSTADS UNIVERSITET UNIVERSITY,KARLSTADS UNIVERSITET,UNIVERSITY 
FR3133,VAXJO UNIVERSITY,SW,LIAISON,VAXJO UNIVERSITY,VAXJO UNIVERSITY,UNIVERSITY 
FR3167,UNIVERSITY OF ALEPPO,SY,LIAISON,ALEPPO UNIVERSITY,UNIVERSITY OF ALEPPO,UNIVERSITY 
FR3166,SCHOOL OF MEDICINE - DAMASCUS,SY,LIAISON,MEDICINE DAMASCUS SCHOOL,SCHOOL OF MEDICINE - DAMASCUS,SCHOOL 
FR3165,FACULTY OF MEDICINE - ALEPPO,SY,LIAISON,FACULTY MEDICINE ALEPPO ,FACULTY OF MEDICINE - ALEPPO,
FR3168,DAMASCUS UNIVERSITY,SY,LIAISON,DAMASCUS UNIVERSITY,DAMASCUS UNIVERSITY,UNIVERSITY 
DNT717,AL - BAATH UNIVERSITY,SY,LIAISON,AL BAATH UNIVERSITY,AL - BAATH UNIVERSITY,UNIVERSITY 
DNT718,ALLEPO UNIVERSITY,SY,LIAISON,ALLEPO UNIVERSITY,ALLEPO UNIVERSITY,UNIVERSITY 
DNT720,TISHREEN UNIVERSITY,SY,LIAISON,TISHREEN UNIVERSITY,TISHREEN UNIVERSITY,UNIVERSITY 
FR3405,UNIVERSITY OF WALES-CARDIFF BUSINESS,UK,LIAISON,WALESCARDIFF BUSINESS UNIVERSITY,UNIVERSITY OF WALES-CARDIFF BUSINESS,UNIVERSITY 
FR0994,UNIVERSITY OF WARWICK,UK,LIAISON,WARWICK UNIVERSITY,UNIVERSITY OF WARWICK,UNIVERSITY 
FR1077,UNIVERSITY OF WESTMINSTER,UK,LIAISON,WESTMINSTER UNIVERSITY,UNIVERSITY OF WESTMINSTER,UNIVERSITY 
FR1118,UNIVERSITY OF WOLVERHAMPTON,UK,LIAISON,WOLVERHAMPTON UNIVERSITY,UNIVERSITY OF WOLVERHAMPTON,UNIVERSITY 
FR1114,"UNIVERSITY OF WOLVERHAMPTON, TELFORD",UK,LIAISON,WOLVERHAMPTON TELFORD UNIVERSITY,"UNIVERSITY OF WOLVERHAMPTON, TELFORD",UNIVERSITY 
FR1120,UNIVERSITY OF YORK,UK,LIAISON,YORK UNIVERSITY,UNIVERSITY OF YORK,UNIVERSITY 
FR3352,WADHAM COLLEGE,UK,LIAISON,WADHAM COLLEGE,WADHAM COLLEGE,COLLEGE 
FR1115,WARWICK BUSINESS SCHOOL,UK,LIAISON,WARWICK BUSINESS SCHOOL,WARWICK BUSINESS SCHOOL,SCHOOL 
FR0990,WESTCOTT HOUSE,UK,LIAISON,WESTCOTT HOUSE ,WESTCOTT HOUSE,
FR1075,"UNIVERSITY OF LONDON, SCHOOL OF MEDICINE AND DENTISTRY",UK,LIAISON,LONDON MEDICINE DENTISTRY UNIVERSITY SCHOOL,"UNIVERSITY OF LONDON, SCHOOL OF MEDICINE AND DENTISTRY",UNIVERSITY SCHOOL 
FR1079,UNIVERSITY OF MANCHESTER,UK,LIAISON,MANCHESTER UNIVERSITY,UNIVERSITY OF MANCHESTER,UNIVERSITY 
DNT763,UNIVERSITY OF MANCHESTER - TURNER DENTAL SCHOOL,UK,LIAISON,MANCHESTER TURNER DENTAL UNIVERSITY SCHOOL,UNIVERSITY OF MANCHESTER - TURNER DENTAL SCHOOL,UNIVERSITY SCHOOL 
FR1082,UNIVERSITY OF NEWCASTLE,UK,LIAISON,NEWCASTLE UNIVERSITY,UNIVERSITY OF NEWCASTLE,UNIVERSITY 
FR1083,UNIVERSITY OF NEWCASTLE UPON TYNE,UK,LIAISON,NEWCASTLE UPON TYNE UNIVERSITY UNIVERSITY,UNIVERSITY OF NEWCASTLE UPON TYNE,UNIVERSITY UNIVERSITY 
DNT757,UNIVERSITY OF NEWCASTLE UPON TYNE - FRAMLINGTON PLACE,UK,LIAISON,NEWCASTLE UPON TYNE FRAMLINGTON PLACE UNIVERSITY UNIVERSITY,UNIVERSITY OF NEWCASTLE UPON TYNE - FRAMLINGTON PLACE,UNIVERSITY UNIVERSITY 
FR1076,UNIVERSITY OF NORTH LONDON,UK,LIAISON,NORTH LONDON UNIVERSITY,UNIVERSITY OF NORTH LONDON,UNIVERSITY 
FR1084,UNIVERSITY OF NORTHUMBRIA,UK,LIAISON,NORTHUMBRIA UNIVERSITY,UNIVERSITY OF NORTHUMBRIA,UNIVERSITY 
FR1088,UNIVERSITY OF NOTTINGHAM,UK,LIAISON,NOTTINGHAM UNIVERSITY,UNIVERSITY OF NOTTINGHAM,UNIVERSITY 
FR3353,UNIVERSITY OF PLYMOUTH,UK,LIAISON,PLYMOUTH UNIVERSITY,UNIVERSITY OF PLYMOUTH,UNIVERSITY 
FR1101,UNIVERSITY OF PORTSMOUTH,UK,LIAISON,PORTSMOUTH UNIVERSITY,UNIVERSITY OF PORTSMOUTH,UNIVERSITY 
FR1102,UNIVERSITY OF READING,UK,LIAISON,READING UNIVERSITY,UNIVERSITY OF READING,UNIVERSITY 
FR2969,UNIVERSITY OF SAINT ANDREWS,UK,LIAISON,SAINT ANDREWS UNIVERSITY,UNIVERSITY OF SAINT ANDREWS,UNIVERSITY 
FR1080,UNIVERSITY OF SALFORD,UK,LIAISON,SALFORD UNIVERSITY,UNIVERSITY OF SALFORD,UNIVERSITY 
FR2976,SAINT ANDREWS UNIVERSITY,UK,LIAISON,SAINT ANDREWS UNIVERSITY,SAINT ANDREWS UNIVERSITY,UNIVERSITY 
FR0987,SAINT CATHERINE'S COLLEGE - CAMBRIDGE,UK,LIAISON,SAINT CATHERINES CAMBRIDGE COLLEGE,SAINT CATHERINE'S COLLEGE - CAMBRIDGE,COLLEGE 
FR1099,SAINT CATHERINE'S COLLEGE - OXFORD,UK,LIAISON,SAINT CATHERINES OXFORD COLLEGE,SAINT CATHERINE'S COLLEGE - OXFORD,COLLEGE 
FR1065,SCHOOL OF ORIENTAL AND AFRICAN STUDIES,UK,LIAISON,ORIENTAL AFRICAN STUDIES SCHOOL,SCHOOL OF ORIENTAL AND AFRICAN STUDIES,SCHOOL 
FR1066,SECURITIES INSTITUTE,UK,LIAISON,SECURITIES INSTITUTE,SECURITIES INSTITUTE,INSTITUTE 
FR1107,SHEFFIELD HALLAM UNIVERSITY,UK,LIAISON,SHEFFIELD HALLAM UNIVERSITY,SHEFFIELD HALLAM UNIVERSITY,UNIVERSITY 
FR1108,SHEFFIELD UNIVERSITY,UK,LIAISON,SHEFFIELD UNIVERSITY,SHEFFIELD UNIVERSITY,UNIVERSITY 
FR0986,SIDNEY SUSSEX COLLEGE,UK,LIAISON,SIDNEY SUSSEX COLLEGE,SIDNEY SUSSEX COLLEGE,COLLEGE 
FR1098,SOMERVILLE COLLEGE,UK,LIAISON,SOMERVILLE COLLEGE,SOMERVILLE COLLEGE,COLLEGE 
