FR0150,BELARUS STATE UNIVERSITY,BO,LIAISON,BELARUS STATE UNIVERSITY,BELARUS STATE UNIVERSITY,UNIVERSITY 
FR0172,BELIZE TECHNICAL COLLEGE,BH,LIAISON,BELIZE TECHNICAL COLLEGE,BELIZE TECHNICAL COLLEGE,COLLEGE 
FR0151,BELORUSSIAN STATE ECONOMIC UNIVERSITY,BO,LIAISON,BELORUSSIAN STATE ECONOMIC UNIVERSITY,BELORUSSIAN STATE ECONOMIC UNIVERSITY,UNIVERSITY 
DNT122,BELORUSSIAN STATE MEDICAL UNIVERSITY - FACULTY OF STOMATOLOGY,BO,LIAISON,BELORUSSIAN STATE MEDICAL FACULTY STOMATOLOGY UNIVERSITY,BELORUSSIAN STATE MEDICAL UNIVERSITY - FACULTY OF STOMATOLOGY,UNIVERSITY 
FR2587,BENIN COLLEGE,NI,LIAISON,BENIN COLLEGE,BENIN COLLEGE,COLLEGE 
FR2086,BETHEL BIBLE COLLEGE,JM,LIAISON,BETHEL BIBLE COLLEGE,BETHEL BIBLE COLLEGE,COLLEGE 
FR2567,BIBLE COLLEGE OF NEW ZEALAND,NZ,LIAISON,BIBLE NEW ZEALAND COLLEGE,BIBLE COLLEGE OF NEW ZEALAND,COLLEGE 
FR2593,BIGARD MEMORIAL SEMINARY,NI,LIAISON,BIGARD MEMORIAL SEMINARY ,BIGARD MEMORIAL SEMINARY,
FR3363,BOLIVARIAN UNIVERSITY,VE,LIAISON,BOLIVARIAN UNIVERSITY,BOLIVARIAN UNIVERSITY,UNIVERSITY 
FR1100,BOURNEMOUTH UNIVERSITY,UK,LIAISON,BOURNEMOUTH UNIVERSITY,BOURNEMOUTH UNIVERSITY,UNIVERSITY 
FR1100,BOURNEMOUTH UNIVERSITY,UK,LIAISON,BOURNEMOUTH UNIVERSITY,BOURNEMOUTH UNIVERSITY,UNIVERSITY 
FR2817,BUCHAREST MEDICAL UNIVERSITY,RO,LIAISON,BUCHAREST MEDICAL UNIVERSITY,BUCHAREST MEDICAL UNIVERSITY,UNIVERSITY 
FR2818,BUCHAREST UNIVERSITY,RO,LIAISON,BUCHAREST UNIVERSITY,BUCHAREST UNIVERSITY,UNIVERSITY 
DNT642,BUCURETI UNIVERSITY OF MEDICINE AND PHARMACY,RO,LIAISON,BUCURETI MEDICINE PHARMACY UNIVERSITY,BUCURETI UNIVERSITY OF MEDICINE AND PHARMACY,UNIVERSITY 
FR1487,BUDAPEST UNIVERSITY ECONOMIC SCIENCES,HU,LIAISON,BUDAPEST ECONOMIC SCIENCES UNIVERSITY,BUDAPEST UNIVERSITY ECONOMIC SCIENCES,UNIVERSITY 
FR1488,BUDAPEST UNIVERSITY OF TECHNOLOFY AND ECONOMICS,HU,LIAISON,BUDAPEST TECHNOLOFY ECONOMICS UNIVERSITY,BUDAPEST UNIVERSITY OF TECHNOLOFY AND ECONOMICS,UNIVERSITY 
FR0110,BUNDESGYMNASIUM XVI,AU,LIAISON,BUNDESGYMNASIUM XVI ,BUNDESGYMNASIUM XVI,
OS0001,CAIRO AMERICAN UNIVERSITY,EG,LIAISON,CAIRO AMERICAN UNIVERSITY,CAIRO AMERICAN UNIVERSITY,UNIVERSITY 
FR0951,CAIRO UNIVERSITY,EG,LIAISON,CAIRO UNIVERSITY,CAIRO UNIVERSITY,UNIVERSITY 
FR0952,CAIRO UNIVERSITY SCHOOL OF MEDICINE,EG,LIAISON,CAIRO MEDICINE UNIVERSITY SCHOOL,CAIRO UNIVERSITY SCHOOL OF MEDICINE,UNIVERSITY SCHOOL 
FR0981,CAMBRIDGE UNIVERSITY,UK,LIAISON,CAMBRIDGE UNIVERSITY,CAMBRIDGE UNIVERSITY,UNIVERSITY 
FR0981,CAMBRIDGE UNIVERSITY,UK,LIAISON,CAMBRIDGE UNIVERSITY,CAMBRIDGE UNIVERSITY,UNIVERSITY 
FR3404,CARDIFF UNIVERSITY,UK,LIAISON,CARDIFF UNIVERSITY,CARDIFF UNIVERSITY,UNIVERSITY 
FR3404,CARDIFF UNIVERSITY,UK,LIAISON,CARDIFF UNIVERSITY,CARDIFF UNIVERSITY,UNIVERSITY 
FR2819,CAROL DAVILA UNIVERSITY,RO,LIAISON,CAROL DAVILA UNIVERSITY,CAROL DAVILA UNIVERSITY,UNIVERSITY 
FR0437,CATHOLIC UNIVERSITY,CI,LIAISON,CATHOLIC UNIVERSITY,CATHOLIC UNIVERSITY,UNIVERSITY 
FR1482,CATHOLIC UNIVERSITY OF HONDURAS,HO,LIAISON,CATHOLIC HONDURAS UNIVERSITY,CATHOLIC UNIVERSITY OF HONDURAS,UNIVERSITY 
FR1025,CITY OF LONDON POLYTECHNIC,UK,LIAISON,CITY LONDON POLYTECHNIC ,CITY OF LONDON POLYTECHNIC,
FR1025,CITY OF LONDON POLYTECHNIC,UK,LIAISON,CITY LONDON POLYTECHNIC ,CITY OF LONDON POLYTECHNIC,
FR1026,CITY UNIVERSITY (LONDON),UK,LIAISON,CITY (LONDON) UNIVERSITY,CITY UNIVERSITY (LONDON),UNIVERSITY 
FR1026,CITY UNIVERSITY (LONDON),UK,LIAISON,CITY (LONDON) UNIVERSITY,CITY UNIVERSITY (LONDON),UNIVERSITY 
FR0976,CLIFTON COLLEGE,UK,LIAISON,CLIFTON COLLEGE,CLIFTON COLLEGE,COLLEGE 
FR0976,CLIFTON COLLEGE,UK,LIAISON,CLIFTON COLLEGE,CLIFTON COLLEGE,COLLEGE 
FR2833,CLUJ-NAPOCA UNIVERSITY,RO,LIAISON,CLUJNAPOCA UNIVERSITY,CLUJ-NAPOCA UNIVERSITY,UNIVERSITY 
DNT514,COLLEGE OF HEALTH SCIENCES,KU,LIAISON,HEALTH SCIENCES COLLEGE,COLLEGE OF HEALTH SCIENCES,COLLEGE 
FR1027,COLLEGE OF LAW OF ENGLAND AND WALES,UK,LIAISON,LAW ENGLAND WALES COLLEGE,COLLEGE OF LAW OF ENGLAND AND WALES,COLLEGE 
FR1027,COLLEGE OF LAW OF ENGLAND AND WALES,UK,LIAISON,LAW ENGLAND WALES COLLEGE,COLLEGE OF LAW OF ENGLAND AND WALES,COLLEGE 
FR2603,COLLEGE OF MEDICINE - CITY OF LAGOS,NI,LIAISON,MEDICINE CITY LAGOS COLLEGE,COLLEGE OF MEDICINE - CITY OF LAGOS,COLLEGE 
FR0963,COLLEGE OF PHARMACY,EG,LIAISON,PHARMACY COLLEGE,COLLEGE OF PHARMACY,COLLEGE 
FR1119,COLLEGE OF RIPON AND YORK,UK,LIAISON,RIPON YORK COLLEGE,COLLEGE OF RIPON AND YORK,COLLEGE 
FR1119,COLLEGE OF RIPON AND YORK,UK,LIAISON,RIPON YORK COLLEGE,COLLEGE OF RIPON AND YORK,COLLEGE 
FR0122,COLLEGE OF THE BAHAMAS,BF,LIAISON,THE BAHAMAS COLLEGE,COLLEGE OF THE BAHAMAS,COLLEGE 
FR1478,COLLEGE SAINT LOUIS DE BOURDON,HA,LIAISON,SAINT LOUIS DE BOURDON COLLEGE,COLLEGE SAINT LOUIS DE BOURDON,COLLEGE 
FR1498,COMMERCIAL COLLEGE OF ICELAND,IC,LIAISON,COMMERCIAL ICELAND COLLEGE,COMMERCIAL COLLEGE OF ICELAND,COLLEGE 
FR2538,CONSERVATORIUM VAN AMSTERDAM,NL,LIAISON,CONSERVATORIUM VAN AMSTERDAM ,CONSERVATORIUM VAN AMSTERDAM,
FR1028,COURTAULD INSTITUTE OF ART (UNIVERSITY OF LONDON),UK,LIAISON,COURTAULD ART ( LONDON) UNIVERSITY INSTITUTE,COURTAULD INSTITUTE OF ART (UNIVERSITY OF LONDON),UNIVERSITY INSTITUTE 
FR1028,COURTAULD INSTITUTE OF ART (UNIVERSITY OF LONDON),UK,LIAISON,COURTAULD ART ( LONDON) UNIVERSITY INSTITUTE,COURTAULD INSTITUTE OF ART (UNIVERSITY OF LONDON),UNIVERSITY INSTITUTE 
DNT643,CRAIOVA UNIVERSITY OF MEDICINE AND PHARMACY,RO,LIAISON,CRAIOVA MEDICINE PHARMACY UNIVERSITY,CRAIOVA UNIVERSITY OF MEDICINE AND PHARMACY,UNIVERSITY 
FR0995,CRANFIELD SCHOOL OF MANAGEMENT,UK,LIAISON,CRANFIELD MANAGEMENT SCHOOL,CRANFIELD SCHOOL OF MANAGEMENT,SCHOOL 
FR0995,CRANFIELD SCHOOL OF MANAGEMENT,UK,LIAISON,CRANFIELD MANAGEMENT SCHOOL,CRANFIELD SCHOOL OF MANAGEMENT,SCHOOL 
FR0970,CRANFIELD UNIVERSITY,UK,LIAISON,CRANFIELD UNIVERSITY,CRANFIELD UNIVERSITY,UNIVERSITY 
FR0970,CRANFIELD UNIVERSITY,UK,LIAISON,CRANFIELD UNIVERSITY,CRANFIELD UNIVERSITY,UNIVERSITY 
FR2418,CUTTINGTON UNIVERSITY COLLEGE,LI,LIAISON,CUTTINGTON UNIVERSITY COLLEGE,CUTTINGTON UNIVERSITY COLLEGE,UNIVERSITY COLLEGE 
FR2717,"CATOLICA UNIVERSIDAD-LIMA,PERU",PE,LIAISON,CATOLICA UNIVERSIDADLIMAPERU UNIVERSITY,"CATOLICA UNIVERSIDAD-LIMA,PERU",UNIVERSITY 
FR2718,CAYETANO HEREDIA UNIVERSITY,PE,LIAISON,CAYETANO HEREDIA UNIVERSITY,CAYETANO HEREDIA UNIVERSITY,UNIVERSITY 
FR2789,CEMAF/ISCTE - PORTUGAL,PO,LIAISON,CEMAF/ISCTE PORTUGAL ,CEMAF/ISCTE - PORTUGAL,
FR1021,"CENTRAL COUNCIL FOR NURSING, MIDWIFERY AND HEALTH VISITING",UK,LIAISON,CENTRAL COUNCIL NURSING MIDWIFERY HEALTH VISITING ,"CENTRAL COUNCIL FOR NURSING, MIDWIFERY AND HEALTH VISITING",
FR1021,"CENTRAL COUNCIL FOR NURSING, MIDWIFERY AND HEALTH VISITING",UK,LIAISON,CENTRAL COUNCIL NURSING MIDWIFERY HEALTH VISITING ,"CENTRAL COUNCIL FOR NURSING, MIDWIFERY AND HEALTH VISITING",
OS0046,CENTRAL EUROPEAN UNIVERSITY,PL,LIAISON,CENTRAL EUROPEAN UNIVERSITY,CENTRAL EUROPEAN UNIVERSITY,UNIVERSITY 
FR1022,CENTRAL SAINT MARTINS,UK,LIAISON,CENTRAL SAINT MARTINS ,CENTRAL SAINT MARTINS,
FR1022,CENTRAL SAINT MARTINS,UK,LIAISON,CENTRAL SAINT MARTINS ,CENTRAL SAINT MARTINS,
FR1428,CENTRAL UNIVERSITY,GH,LIAISON,CENTRAL UNIVERSITY,CENTRAL UNIVERSITY,UNIVERSITY 
FR3367,CENTRAL UNIVERSITY OF VENEZUELA,VE,LIAISON,CENTRAL VENEZUELA UNIVERSITY,CENTRAL UNIVERSITY OF VENEZUELA,UNIVERSITY 
FR3347,CENTRE FOR AMERICAN EDUCATION,AE,LIAISON,CENTRE AMERICAN EDUCATION ,CENTRE FOR AMERICAN EDUCATION,
DNT756,CENTRE FOR DENTAL EDUCATION - POSTGRADUATE DENTAL INSTITUTE,UK,LIAISON,CENTRE DENTAL EDUCATION POSTGRADUATE DENTAL INSTITUTE,CENTRE FOR DENTAL EDUCATION - POSTGRADUATE DENTAL INSTITUTE,INSTITUTE 
DNT756,CENTRE FOR DENTAL EDUCATION - POSTGRADUATE DENTAL INSTITUTE,UK,LIAISON,CENTRE DENTAL EDUCATION POSTGRADUATE DENTAL INSTITUTE,CENTRE FOR DENTAL EDUCATION - POSTGRADUATE DENTAL INSTITUTE,INSTITUTE 
FR3114,CHALMERS UNIVERSITY OF TECHNOLOGY,SW,LIAISON,CHALMERS TECHNOLOGY UNIVERSITY,CHALMERS UNIVERSITY OF TECHNOLOGY,UNIVERSITY 
FR0971,CHARTERED INSTITUTE OF MARKETING,UK,LIAISON,CHARTERED MARKETING INSTITUTE,CHARTERED INSTITUTE OF MARKETING,INSTITUTE 
FR0971,CHARTERED INSTITUTE OF MARKETING,UK,LIAISON,CHARTERED MARKETING INSTITUTE,CHARTERED INSTITUTE OF MARKETING,INSTITUTE 
FR1023,CHARTRD INSTITUTE MANAGEMENT ACCOUNTANTS - LONDON,UK,LIAISON,CHARTRD MANAGEMENT ACCOUNTANTS LONDON INSTITUTE,CHARTRD INSTITUTE MANAGEMENT ACCOUNTANTS - LONDON,INSTITUTE 
FR1023,CHARTRD INSTITUTE MANAGEMENT ACCOUNTANTS - LONDON,UK,LIAISON,CHARTRD MANAGEMENT ACCOUNTANTS LONDON INSTITUTE,CHARTRD INSTITUTE MANAGEMENT ACCOUNTANTS - LONDON,INSTITUTE 
FR1024,CHELSEA COLLEGE OF ART AND DESGN,UK,LIAISON,CHELSEA ART DESGN COLLEGE,CHELSEA COLLEGE OF ART AND DESGN,COLLEGE 
FR1024,CHELSEA COLLEGE OF ART AND DESGN,UK,LIAISON,CHELSEA ART DESGN COLLEGE,CHELSEA COLLEGE OF ART AND DESGN,COLLEGE 
FR0992,CHICHESTER INSTITUTE OF HIGHER EDUCATION,UK,LIAISON,CHICHESTER HIGHER EDUCATION INSTITUTE,CHICHESTER INSTITUTE OF HIGHER EDUCATION,INSTITUTE 
FR0992,CHICHESTER INSTITUTE OF HIGHER EDUCATION,UK,LIAISON,CHICHESTER HIGHER EDUCATION INSTITUTE,CHICHESTER INSTITUTE OF HIGHER EDUCATION,INSTITUTE 
FR0982,CHRIST'S COLLEGE,UK,LIAISON,CHRISTS COLLEGE,CHRIST'S COLLEGE,COLLEGE 
FR0982,CHRIST'S COLLEGE,UK,LIAISON,CHRISTS COLLEGE,CHRIST'S COLLEGE,COLLEGE 
FR2582,ABIA STATE UNIVERSITY,NI,LIAISON,ABIA STATE UNIVERSITY,ABIA STATE UNIVERSITY,UNIVERSITY 
OS0034,ABU DHABI UNIVERSITY,AE,LIAISON,ABU DHABI UNIVERSITY,ABU DHABI UNIVERSITY,UNIVERSITY 
DNT624,ACADEMIA MEDICA GADANESIS - ODDZIAL STOMATOLOGICZNY,PL,LIAISON,ACADEMIA MEDICA GADANESIS ODDZIAL STOMATOLOGICZNY ,ACADEMIA MEDICA GADANESIS - ODDZIAL STOMATOLOGICZNY,
FR2544,ACADEMIE MINERVA,NL,LIAISON,ACADEMIE MINERVA ,ACADEMIE MINERVA,
DNT577,ACADEMISCH CENTRUM TANDHEELKUNDE,NL,LIAISON,ACADEMISCH CENTRUM TANDHEELKUNDE ,ACADEMISCH CENTRUM TANDHEELKUNDE,
FR2832,ACADEMY OF ECONOMIC STUDIES - ROMANIA,RO,LIAISON,ECONOMIC STUDIES ROMANIA ACADEMY,ACADEMY OF ECONOMIC STUDIES - ROMANIA,ACADEMY 
FR2816,ACADEMY OF ECONOMICS - ROMANIA,RO,LIAISON,ECONOMICS ROMANIA ACADEMY,ACADEMY OF ECONOMICS - ROMANIA,ACADEMY 
FR2767,ACADEMY OF MEDICINE - LODZ,PL,LIAISON,MEDICINE LODZ ACADEMY,ACADEMY OF MEDICINE - LODZ,ACADEMY 
FR2763,ACADEMY OF MUSIC - CRACOW,PL,LIAISON,MUSIC CRACOW ACADEMY,ACADEMY OF MUSIC - CRACOW,ACADEMY 
FR2773,ADAM MICKIEWICZ UNIVERSITY,PL,LIAISON,ADAM MICKIEWICZ UNIVERSITY,ADAM MICKIEWICZ UNIVERSITY,UNIVERSITY 
FR2628,AGRICULTURAL UNIVERSITY OF NORWAY,NO,LIAISON,AGRICULTURAL NORWAY UNIVERSITY,AGRICULTURAL UNIVERSITY OF NORWAY,UNIVERSITY 
FR2624,AHMADU BELLO UNIVERSITY,NI,LIAISON,AHMADU BELLO UNIVERSITY,AHMADU BELLO UNIVERSITY,UNIVERSITY 
FR0946,AIN SHAMS UNIVERSITY,EG,LIAISON,AIN SHAMS UNIVERSITY,AIN SHAMS UNIVERSITY,UNIVERSITY 
FR3344,AJMAN UNIVERSITY OF SCIENCE AND TECHNOLOGY,AE,LIAISON,AJMAN SCIENCE TECHNOLOGY UNIVERSITY,AJMAN UNIVERSITY OF SCIENCE AND TECHNOLOGY,UNIVERSITY 
DNT755,AJMAN UNIVERSITY OF SCIENCE AND TECHNOLOGY - FACULTY OF DENTISTRY,AE,LIAISON,AJMAN SCIENCE TECHNOLOGY FACULTY DENTISTRY UNIVERSITY,AJMAN UNIVERSITY OF SCIENCE AND TECHNOLOGY - FACULTY OF DENTISTRY,UNIVERSITY 
FR0104,"AKADEMISCHES GYMANIUM, INNSBRUCK",AU,LIAISON,AKADEMISCHES GYMANIUM INNSBRUCK ,"AKADEMISCHES GYMANIUM, INNSBRUCK",
DNT258,AL - AZHAR UNIVERSITY - FACULTY OF DENTISTRY,EG,LIAISON,AL AZHAR FACULTY DENTISTRY UNIVERSITY,AL - AZHAR UNIVERSITY - FACULTY OF DENTISTRY,UNIVERSITY 
DNT717,AL - BAATH UNIVERSITY,SY,LIAISON,AL BAATH UNIVERSITY,AL - BAATH UNIVERSITY,UNIVERSITY 
FR0947,AL AZHAR UNIVERSITY,EG,LIAISON,AL AZHAR UNIVERSITY,AL AZHAR UNIVERSITY,UNIVERSITY 
FR1960,AL MUSTANSIRYA MEDICAL SCHOOL,IZ,LIAISON,AL MUSTANSIRYA MEDICAL SCHOOL,AL MUSTANSIRYA MEDICAL SCHOOL,SCHOOL 
FR1495,ALBERT SZENT-GYORGYI MEDICAL UNIVERSITY,HU,LIAISON,ALBERT SZENTGYORGYI MEDICAL UNIVERSITY,ALBERT SZENT-GYORGYI MEDICAL UNIVERSITY,UNIVERSITY 
FR0944,ALEXANDRIA UNIVERSITY,EG,LIAISON,ALEXANDRIA UNIVERSITY,ALEXANDRIA UNIVERSITY,UNIVERSITY 
FR0999,ALL NATIONS CHRISTIAN COLLEGE,UK,LIAISON,ALL NATIONS CHRISTIAN COLLEGE,ALL NATIONS CHRISTIAN COLLEGE,COLLEGE 
FR0999,ALL NATIONS CHRISTIAN COLLEGE,UK,LIAISON,ALL NATIONS CHRISTIAN COLLEGE,ALL NATIONS CHRISTIAN COLLEGE,COLLEGE 
DNT718,ALLEPO UNIVERSITY,SY,LIAISON,ALLEPO UNIVERSITY,ALLEPO UNIVERSITY,UNIVERSITY 
FR2614,ALVIN IKOKU COLLEGE OF EDUCATION,NI,LIAISON,ALVIN IKOKU EDUCATION COLLEGE,ALVIN IKOKU COLLEGE OF EDUCATION,COLLEGE 
FR2592,AMBROSE ALLI UNIVERSITY,NI,LIAISON,AMBROSE ALLI UNIVERSITY,AMBROSE ALLI UNIVERSITY,UNIVERSITY 
OS0029,AMERICAN UNIVERSITY IN DUBAI,AE,LIAISON,AMERICAN DUBAI UNIVERSITY,AMERICAN UNIVERSITY IN DUBAI,UNIVERSITY 
FR3423,AMERICAN UNIVERSITY OF KUWAIT,KU,LIAISON,AMERICAN KUWAIT UNIVERSITY,AMERICAN UNIVERSITY OF KUWAIT,UNIVERSITY 
OS0036,AMERICAN UNIVERSITY OF MADABA,JO,LIAISON,AMERICAN MADABA UNIVERSITY,AMERICAN UNIVERSITY OF MADABA,UNIVERSITY 
OS0024,AMERICAN UNIVERSITY OF SHARJAH,AE,LIAISON,AMERICAN SHARJAH UNIVERSITY,AMERICAN UNIVERSITY OF SHARJAH,UNIVERSITY 
FR0980,ANGLIA POLYTECHNIC UNIVERSITY,UK,LIAISON,ANGLIA POLYTECHNIC UNIVERSITY,ANGLIA POLYTECHNIC UNIVERSITY,UNIVERSITY 
FR0980,ANGLIA POLYTECHNIC UNIVERSITY,UK,LIAISON,ANGLIA POLYTECHNIC UNIVERSITY,ANGLIA POLYTECHNIC UNIVERSITY,UNIVERSITY 
FR1019,ARCHITECTURAL ASSOC'N SCHOOL,UK,LIAISON,ARCHITECTURAL ASSOCN SCHOOL,ARCHITECTURAL ASSOC'N SCHOOL,SCHOOL 
FR1019,ARCHITECTURAL ASSOC'N SCHOOL,UK,LIAISON,ARCHITECTURAL ASSOCN SCHOOL,ARCHITECTURAL ASSOC'N SCHOOL,SCHOOL 
FR3478,"ARTS UNIVERSITY BOURNEMOUTH, UK",UK,LIAISON,ARTS BOURNEMOUTH UK UNIVERSITY UNIVERSITY,"ARTS UNIVERSITY BOURNEMOUTH, UK",UNIVERSITY UNIVERSITY 
FR3478,"ARTS UNIVERSITY BOURNEMOUTH, UK",UK,LIAISON,ARTS BOURNEMOUTH UK UNIVERSITY UNIVERSITY,"ARTS UNIVERSITY BOURNEMOUTH, UK",UNIVERSITY UNIVERSITY 
FR0945,ASSIUT UNIVERSITY,EG,LIAISON,ASSIUT UNIVERSITY,ASSIUT UNIVERSITY,UNIVERSITY 
FR3331,ASSOCCERTCHARTERDACCNTNTS-UKRA,UP,LIAISON,ASSOCCERTCHARTERDACCNTNTSUKRA ,ASSOCCERTCHARTERDACCNTNTS-UKRA,
FR2971,ASSOCIATION CERTIFIED CHARTERED ACCOUNTANTS - GLASGW,UK,LIAISON,ASSOCIATION CERTIFIED CHARTERED ACCOUNTANTS GLASGW ,ASSOCIATION CERTIFIED CHARTERED ACCOUNTANTS - GLASGW,
FR2971,ASSOCIATION CERTIFIED CHARTERED ACCOUNTANTS - GLASGW,UK,LIAISON,ASSOCIATION CERTIFIED CHARTERED ACCOUNTANTS GLASGW ,ASSOCIATION CERTIFIED CHARTERED ACCOUNTANTS - GLASGW,
FR1020,ASSOCIATION OF CERTIFIED CHARTERD ACCOUNTANTS - LONDON,UK,LIAISON,ASSOCIATION CERTIFIED CHARTERD ACCOUNTANTS LONDON ,ASSOCIATION OF CERTIFIED CHARTERD ACCOUNTANTS - LONDON,
FR1020,ASSOCIATION OF CERTIFIED CHARTERD ACCOUNTANTS - LONDON,UK,LIAISON,ASSOCIATION CERTIFIED CHARTERD ACCOUNTANTS LONDON ,ASSOCIATION OF CERTIFIED CHARTERD ACCOUNTANTS - LONDON,
FR2566,AUCKLAND UNIVERSITY,NZ,LIAISON,AUCKLAND UNIVERSITY,AUCKLAND UNIVERSITY,UNIVERSITY 
FR0109,AUSTRO-AMERICAN INSTITUTE,AU,LIAISON,AUSTROAMERICAN INSTITUTE,AUSTRO-AMERICAN INSTITUTE,INSTITUTE 
DNT593,AV. HONORIO DELGADO - 430 URB. INGENIERIA L31 - FACULTAD DE ESTOMATOLOGIA,PE,LIAISON,AV. HONORIO DELGADO 430 URB. INGENIERIA L31 FACULTAD DE ESTOMATOLOGIA UNIVERSITY,AV. HONORIO DELGADO - 430 URB. INGENIERIA L31 - FACULTAD DE ESTOMATOLOGIA,UNIVERSITY 
FR2580,AVE MARIA COLLEGE OF THE AMERICAS,NU,LIAISON,AVE MARIA THE AMERICAS COLLEGE,AVE MARIA COLLEGE OF THE AMERICAS,COLLEGE 
FR2836,BABES-BOLYAI UNIVERSITY,RO,LIAISON,BABESBOLYAI UNIVERSITY,BABES-BOLYAI UNIVERSITY,UNIVERSITY 
FR1089,BALLIOL COLLEGE,UK,LIAISON,BALLIOL COLLEGE,BALLIOL COLLEGE,COLLEGE 
FR1089,BALLIOL COLLEGE,UK,LIAISON,BALLIOL COLLEGE,BALLIOL COLLEGE,COLLEGE 
FR0148,BARBADOS COMMUNITY COLLEGE,BB,LIAISON,BARBADOS COMMUNITY COLLEGE,BARBADOS COMMUNITY COLLEGE,COLLEGE 
FR1962,BASRA UNIVERSITY,IZ,LIAISON,BASRA UNIVERSITY,BASRA UNIVERSITY,UNIVERSITY 
FR3479,"BATH SPA UNIVERSITY, UK",UK,LIAISON,BATH SPA UK UNIVERSITY UNIVERSITY,"BATH SPA UNIVERSITY, UK",UNIVERSITY UNIVERSITY 
FR3479,"BATH SPA UNIVERSITY, UK",UK,LIAISON,BATH SPA UK UNIVERSITY UNIVERSITY,"BATH SPA UNIVERSITY, UK",UNIVERSITY UNIVERSITY 
FR2602,BAYERO UNIVERSITY,NI,LIAISON,BAYERO UNIVERSITY,BAYERO UNIVERSITY,UNIVERSITY 
FR3117,GOTHENBURG UNIVERSITY,SW,LIAISON,GOTHENBURG UNIVERSITY,GOTHENBURG UNIVERSITY,UNIVERSITY 
FR3134,GOTLAND UNIVERSITY COLLEGE,SW,LIAISON,GOTLAND UNIVERSITY COLLEGE,GOTLAND UNIVERSITY COLLEGE,UNIVERSITY COLLEGE 
FR1033,GRACE UNIVERSITY SCHOOL OF MEDICINE,UK,LIAISON,GRACE MEDICINE UNIVERSITY SCHOOL,GRACE UNIVERSITY SCHOOL OF MEDICINE,UNIVERSITY SCHOOL 
FR1033,GRACE UNIVERSITY SCHOOL OF MEDICINE,UK,LIAISON,GRACE MEDICINE UNIVERSITY SCHOOL,GRACE UNIVERSITY SCHOOL OF MEDICINE,UNIVERSITY SCHOOL 
FR1034,GRAY'S INN OF COURT,UK,LIAISON,GRAYS INN COURT ,GRAY'S INN OF COURT,
FR1034,GRAY'S INN OF COURT,UK,LIAISON,GRAYS INN COURT ,GRAY'S INN OF COURT,
FR1005,GREENWICH UNIVERSITY,UK,LIAISON,GREENWICH UNIVERSITY,GREENWICH UNIVERSITY,UNIVERSITY 
FR1005,GREENWICH UNIVERSITY,UK,LIAISON,GREENWICH UNIVERSITY,GREENWICH UNIVERSITY,UNIVERSITY 
FR1035,GUILDHALL SCHOOL OF MUSIC,UK,LIAISON,GUILDHALL MUSIC SCHOOL,GUILDHALL SCHOOL OF MUSIC,SCHOOL 
FR1035,GUILDHALL SCHOOL OF MUSIC,UK,LIAISON,GUILDHALL MUSIC SCHOOL,GUILDHALL SCHOOL OF MUSIC,SCHOOL 
DNT759,GUY'S - KING'S AND ST THOMAS' DENTAL INSTITUTE,UK,LIAISON,GUYS KINGS ST THOMAS DENTAL INSTITUTE,GUY'S - KING'S AND ST THOMAS' DENTAL INSTITUTE,INSTITUTE 
DNT759,GUY'S - KING'S AND ST THOMAS' DENTAL INSTITUTE,UK,LIAISON,GUYS KINGS ST THOMAS DENTAL INSTITUTE,GUY'S - KING'S AND ST THOMAS' DENTAL INSTITUTE,INSTITUTE 
FR2559,HAAGSE HOGSKOLEN,NL,LIAISON,HAAGSE HOGSKOLEN ,HAAGSE HOGSKOLEN,
FR2547,HAARLEM UNIVERSITY PROF. EDUC.,NL,LIAISON,HAARLEM PROF. EDUC. UNIVERSITY,HAARLEM UNIVERSITY PROF. EDUC.,UNIVERSITY 
FR0973,HABERDASHERS' ASKE'S SCHOOL,UK,LIAISON,HABERDASHERS ASKES SCHOOL,HABERDASHERS' ASKE'S SCHOOL,SCHOOL 
FR0973,HABERDASHERS' ASKE'S SCHOOL,UK,LIAISON,HABERDASHERS ASKES SCHOOL,HABERDASHERS' ASKE'S SCHOOL,SCHOOL 
FR1479,HAITI MEDICAL SCHOOL,HA,LIAISON,HAITI MEDICAL SCHOOL,HAITI MEDICAL SCHOOL,SCHOOL 
FR1499,HAMRAHLID COLLEGE,IC,LIAISON,HAMRAHLID COLLEGE,HAMRAHLID COLLEGE,COLLEGE 
FR3391,HANOI FOREIGN STUDIES UNIVERSITY,VM,LIAISON,HANOI FOREIGN STUDIES UNIVERSITY,HANOI FOREIGN STUDIES UNIVERSITY,UNIVERSITY 
FR3392,HANOI FOREIGN TRADE UNIVERSITY,VM,LIAISON,HANOI FOREIGN TRADE UNIVERSITY,HANOI FOREIGN TRADE UNIVERSITY,UNIVERSITY 
FR3393,HANOI MEDICAL COLLEGE,VM,LIAISON,HANOI MEDICAL COLLEGE,HANOI MEDICAL COLLEGE,COLLEGE 
FR3381,HANOI MEDICAL UNIVERSITY,VM,LIAISON,HANOI MEDICAL UNIVERSITY,HANOI MEDICAL UNIVERSITY,UNIVERSITY 
FR3382,HANOI UNIVERSITY,VM,LIAISON,HANOI UNIVERSITY,HANOI UNIVERSITY,UNIVERSITY 
FR3383,HANOI UNIVERSITY OF TECHNOLOGY,VM,LIAISON,HANOI TECHNOLOGY UNIVERSITY,HANOI UNIVERSITY OF TECHNOLOGY,UNIVERSITY 
DNT751,HARKOV MEDICAL STOMATOLOGICAL,UP,LIAISON,HARKOV MEDICAL STOMATOLOGICAL ,HARKOV MEDICAL STOMATOLOGICAL,
DNT574,HEALTH SCIENCES UNIVERSITY OF MONGOLIA - SCHOOL OF DENTISTRY,MG,LIAISON,HEALTH SCIENCES MONGOLIA DENTISTRY UNIVERSITY SCHOOL,HEALTH SCIENCES UNIVERSITY OF MONGOLIA - SCHOOL OF DENTISTRY,UNIVERSITY SCHOOL 
FR2966,HERIOT-WATT UNIVERSTY,UK,LIAISON,HERIOTWATT UNIVERSTY UNIVERSITY,HERIOT-WATT UNIVERSTY,UNIVERSITY 
FR2966,HERIOT-WATT UNIVERSTY,UK,LIAISON,HERIOTWATT UNIVERSTY UNIVERSITY,HERIOT-WATT UNIVERSTY,UNIVERSITY 
FR3396,HO CHI MINH CITY MEDICAL SCHOOL,VM,LIAISON,HO CHI MINH CITY MEDICAL SCHOOL,HO CHI MINH CITY MEDICAL SCHOOL,SCHOOL 
FR3397,HO CHI MINH UNIVERSITY,VM,LIAISON,HO CHI MINH UNIVERSITY,HO CHI MINH UNIVERSITY,UNIVERSITY 
FR2541,HOGESCH IJSELLAND-SAXION UNIVS,NL,LIAISON,HOGESCH IJSELLANDSAXION UNIVS UNIVERSITY,HOGESCH IJSELLAND-SAXION UNIVS,UNIVERSITY 
FR0274,HOLY CROSS THEOLOGICAL COLLEGE,BM,LIAISON,HOLY CROSS THEOLOGICAL COLLEGE,HOLY CROSS THEOLOGICAL COLLEGE,COLLEGE 
FR0983,HOMERTON COLLEGE,UK,LIAISON,HOMERTON COLLEGE,HOMERTON COLLEGE,COLLEGE 
FR0983,HOMERTON COLLEGE,UK,LIAISON,HOMERTON COLLEGE,HOMERTON COLLEGE,COLLEGE 
FR3364,HOSPITAL MILITAR CARLOS ARVELO,VE,LIAISON,HOSPITAL MILITAR CARLOS ARVELO ,HOSPITAL MILITAR CARLOS ARVELO,
FR3398,HUE MEDICINE COLLEGE,VM,LIAISON,HUE MEDICINE COLLEGE,HUE MEDICINE COLLEGE,COLLEGE 
FR0984,HUGHES HALL COLLEGE,UK,LIAISON,HUGHES HALL COLLEGE,HUGHES HALL COLLEGE,COLLEGE 
FR0984,HUGHES HALL COLLEGE,UK,LIAISON,HUGHES HALL COLLEGE,HUGHES HALL COLLEGE,COLLEGE 
OS0039,HULT INTERNATIONAL BUSINESS SCHOOL - DUBAI,AE,LIAISON,HULT INTERNATIONAL BUSINESS DUBAI SCHOOL,HULT INTERNATIONAL BUSINESS SCHOOL - DUBAI,SCHOOL 
OS0041,HULT INTERNATIONAL BUSINESS SCHOOL - HERTFORDSHIRE,UK,LIAISON,HULT INTERNATIONAL BUSINESS HERTFORDSHIRE SCHOOL,HULT INTERNATIONAL BUSINESS SCHOOL - HERTFORDSHIRE,SCHOOL 
OS0041,HULT INTERNATIONAL BUSINESS SCHOOL - HERTFORDSHIRE,UK,LIAISON,HULT INTERNATIONAL BUSINESS HERTFORDSHIRE SCHOOL,HULT INTERNATIONAL BUSINESS SCHOOL - HERTFORDSHIRE,SCHOOL 
OS0038,HULT INTERNATIONAL BUSINESS SCHOOL - LONDON,UK,LIAISON,HULT INTERNATIONAL BUSINESS LONDON SCHOOL,HULT INTERNATIONAL BUSINESS SCHOOL - LONDON,SCHOOL 
OS0038,HULT INTERNATIONAL BUSINESS SCHOOL - LONDON,UK,LIAISON,HULT INTERNATIONAL BUSINESS LONDON SCHOOL,HULT INTERNATIONAL BUSINESS SCHOOL - LONDON,SCHOOL 
FR1496,HUNGRN/CNTRLEUR INTERNATIONAL STUDENT CENTER,HU,LIAISON,HUNGRN/CNTRLEUR INTERNATIONAL STUDENT CENTER ,HUNGRN/CNTRLEUR INTERNATIONAL STUDENT CENTER,
OS0002,HURON UNIVERSITY (LONDON),UK,LIAISON,HURON (LONDON) UNIVERSITY,HURON UNIVERSITY (LONDON),UNIVERSITY 
OS0002,HURON UNIVERSITY (LONDON),UK,LIAISON,HURON (LONDON) UNIVERSITY,HURON UNIVERSITY (LONDON),UNIVERSITY 
FR2564,HUYGENS LYCEUM,NL,LIAISON,HUYGENS LYCEUM ,HUYGENS LYCEUM,
DNT646,I. HAIEGANU UNIVERSITY OF MEDICINE AND PHARMACY,RO,LIAISON,I. HAIEGANU MEDICINE PHARMACY UNIVERSITY,I. HAIEGANU UNIVERSITY OF MEDICINE AND PHARMACY,UNIVERSITY 
FR2952,IAMSEA,RW,LIAISON,IAMSEA ,IAMSEA,
FR2595,IBADAN UNIVERSITY,NI,LIAISON,IBADAN UNIVERSITY,IBADAN UNIVERSITY,UNIVERSITY 
FR3368,IESA,VE,LIAISON,IESA ,IESA,
FR2560,IHE,NL,LIAISON,IHE ,IHE,
FR2596,IMMANUEL COLLEGE (NIGERIA),NI,LIAISON,IMMANUEL (NIGERIA) COLLEGE,IMMANUEL COLLEGE (NIGERIA),COLLEGE 
FR1037,IMPERIAL COLLEGE,UK,LIAISON,IMPERIAL COLLEGE,IMPERIAL COLLEGE,COLLEGE 
FR1037,IMPERIAL COLLEGE,UK,LIAISON,IMPERIAL COLLEGE,IMPERIAL COLLEGE,COLLEGE 
FR1038,IMPERIAL COLLEGE OF SCIENCE AND TECHNOLOGY,UK,LIAISON,IMPERIAL SCIENCE TECHNOLOGY COLLEGE,IMPERIAL COLLEGE OF SCIENCE AND TECHNOLOGY,COLLEGE 
FR1038,IMPERIAL COLLEGE OF SCIENCE AND TECHNOLOGY,UK,LIAISON,IMPERIAL SCIENCE TECHNOLOGY COLLEGE,IMPERIAL COLLEGE OF SCIENCE AND TECHNOLOGY,COLLEGE 
FR0111,INSTITUT FUR EUROPAISCHE STUDIEN,AU,LIAISON,INSTITUT FUR EUROPAISCHE STUDIEN ,INSTITUT FUR EUROPAISCHE STUDIEN,
FR1431,INSTITUTE CHARTERED ACCNTNTS-GHANA,GH,LIAISON,CHARTERED ACCNTNTSGHANA INSTITUTE,INSTITUTE CHARTERED ACCNTNTS-GHANA,INSTITUTE 
FR1039,INSTITUTE CHARTERED ACCOUNTANTS - ENGLAND/WALE,UK,LIAISON,CHARTERED ACCOUNTANTS ENGLAND/WALE INSTITUTE,INSTITUTE CHARTERED ACCOUNTANTS - ENGLAND/WALE,INSTITUTE 
FR1039,INSTITUTE CHARTERED ACCOUNTANTS - ENGLAND/WALE,UK,LIAISON,CHARTERED ACCOUNTANTS ENGLAND/WALE INSTITUTE,INSTITUTE CHARTERED ACCOUNTANTS - ENGLAND/WALE,INSTITUTE 
FR3369,INSTITUTE DE ESTUDIOS SUPER DE ADMI,VE,LIAISON,DE ESTUDIOS SUPER DE ADMI INSTITUTE,INSTITUTE DE ESTUDIOS SUPER DE ADMI,INSTITUTE 
FR2513,INSTITUTE FINANCE AND ECONOMICS - MONGOLIA,MG,LIAISON,FINANCE ECONOMICS MONGOLIA INSTITUTE,INSTITUTE FINANCE AND ECONOMICS - MONGOLIA,INSTITUTE 
FR0434,"INSTITUTE OF CHEMISTRY, SRI LANKA",CE,LIAISON,CHEMISTRY SRI LANKA INSTITUTE,"INSTITUTE OF CHEMISTRY, SRI LANKA",INSTITUTE 
DNT576,INSTITUTE OF DENTAL MEDICINE,BM,LIAISON,DENTAL MEDICINE INSTITUTE,INSTITUTE OF DENTAL MEDICINE,INSTITUTE 
FR0275,INSTITUTE OF ECONOMICS,BM,LIAISON,ECONOMICS INSTITUTE,INSTITUTE OF ECONOMICS,INSTITUTE 
FR2524,"INSTITUTE OF MEDICINE, MYANMAR",BM,LIAISON,MEDICINE MYANMAR INSTITUTE,"INSTITUTE OF MEDICINE, MYANMAR",INSTITUTE 
FR1040,INSTITUTE OF OTOLARYNGOLOGY,UK,LIAISON,OTOLARYNGOLOGY INSTITUTE,INSTITUTE OF OTOLARYNGOLOGY,INSTITUTE 
FR1040,INSTITUTE OF OTOLARYNGOLOGY,UK,LIAISON,OTOLARYNGOLOGY INSTITUTE,INSTITUTE OF OTOLARYNGOLOGY,INSTITUTE 
FR2561,INSTITUTE OF SOCIAL STUDIES,NL,LIAISON,SOCIAL STUDIES INSTITUTE,INSTITUTE OF SOCIAL STUDIES,INSTITUTE 
FR3102,INSTITUTE OF TECHNOLOGICAL STUDIES,CE,LIAISON,TECHNOLOGICAL STUDIES INSTITUTE,INSTITUTE OF TECHNOLOGICAL STUDIES,INSTITUTE 
FR2578,INSTITUTO CENTROAMERICANO,NU,LIAISON,INSTITUTO CENTROAMERICANO ,INSTITUTO CENTROAMERICANO,
FR2791,INSTITUTO DE FORMACAO BANCARIA,PO,LIAISON,INSTITUTO DE FORMACAO BANCARIA ,INSTITUTO DE FORMACAO BANCARIA,
DNT637,INSTITUTO SUPERIOR DE CINCIAS DA SADE DO NORTE,PO,LIAISON,INSTITUTO SUPERIOR DE CINCIAS DA SADE DO NORTE ,INSTITUTO SUPERIOR DE CINCIAS DA SADE DO NORTE,
DNT638,INSTITUTO SUPERIOR DE CINCIAS DA SADE DO SUL,PO,LIAISON,INSTITUTO SUPERIOR DE CINCIAS DA SADE DO SUL ,INSTITUTO SUPERIOR DE CINCIAS DA SADE DO SUL,
FR2792,INSTITUTO SUPERIOR DE CIENCIAS SOCIAIA E POLITICAS,PO,LIAISON,INSTITUTO SUPERIOR DE CIENCIAS SOCIAIA E POLITICAS ,INSTITUTO SUPERIOR DE CIENCIAS SOCIAIA E POLITICAS,
FR2788,INSTITUTO SUPERIOR TECNICO,PO,LIAISON,INSTITUTO SUPERIOR TECNICO ,INSTITUTO SUPERIOR TECNICO,
FR1041,INTERNATIONAL CENTER FOR EYE HEALTH,UK,LIAISON,INTERNATIONAL CENTER EYE HEALTH ,INTERNATIONAL CENTER FOR EYE HEALTH,
FR1041,INTERNATIONAL CENTER FOR EYE HEALTH,UK,LIAISON,INTERNATIONAL CENTER EYE HEALTH ,INTERNATIONAL CENTER FOR EYE HEALTH,
FR3316,INTERNATIONAL CHRISTIAN UNIVERSITY - UKRAINE,UP,LIAISON,INTERNATIONAL CHRISTIAN UKRAINE UNIVERSITY UNIVERSITY,INTERNATIONAL CHRISTIAN UNIVERSITY - UKRAINE,UNIVERSITY UNIVERSITY 
FR1001,INTERNATIONAL STUDY CENTRE,UK,LIAISON,INTERNATIONAL STUDY CENTRE ,INTERNATIONAL STUDY CENTRE,
FR1001,INTERNATIONAL STUDY CENTRE,UK,LIAISON,INTERNATIONAL STUDY CENTRE ,INTERNATIONAL STUDY CENTRE,
FR3315,INTERNATIONAL-REGIONAL ACADEMY PERSONNEL MANAGEMENT,UP,LIAISON,INTERNATIONALREGIONAL PERSONNEL MANAGEMENT ACADEMY,INTERNATIONAL-REGIONAL ACADEMY PERSONNEL MANAGEMENT,ACADEMY 
FR2831,ION MINCU UNIVERSITY DE ARCHITECTURA,RO,LIAISON,ION MINCU DE ARCHITECTURA UNIVERSITY,ION MINCU UNIVERSITY DE ARCHITECTURA,UNIVERSITY 
FR2765,JAGIELLONIAN UNIVERSITY,PL,LIAISON,JAGIELLONIAN UNIVERSITY,JAGIELLONIAN UNIVERSITY,UNIVERSITY 
FR2766,"JAGIELLONIAN UNIVERSITY, SCHOOL OF MEDICINE",PL,LIAISON,JAGIELLONIAN MEDICINE UNIVERSITY SCHOOL,"JAGIELLONIAN UNIVERSITY, SCHOOL OF MEDICINE",UNIVERSITY SCHOOL 
FR0106,JOHANNES KEPLER UNIVERSITY,AU,LIAISON,JOHANNES KEPLER UNIVERSITY,JOHANNES KEPLER UNIVERSITY,UNIVERSITY 
FR2262,JORDAN UNIVERSITY,JO,LIAISON,JORDAN UNIVERSITY,JORDAN UNIVERSITY,UNIVERSITY 
FR2263,JORDAN UNIVERSITY HOSPITAL,JO,LIAISON,JORDAN HOSPITAL UNIVERSITY,JORDAN UNIVERSITY HOSPITAL,UNIVERSITY 
DNT499,JORDAN UNIVERSITY OF SCIENCE & TECHNOLOGY - FACULTY OF DENTISTRY,JO,LIAISON,JORDAN SCIENCE TECHNOLOGY FACULTY DENTISTRY UNIVERSITY,JORDAN UNIVERSITY OF SCIENCE & TECHNOLOGY - FACULTY OF DENTISTRY,UNIVERSITY 
FR2265,JORDAN UNIVERSITY OF SCIENCE AND TECHNOLOGY,JO,LIAISON,JORDAN SCIENCE TECHNOLOGY UNIVERSITY,JORDAN UNIVERSITY OF SCIENCE AND TECHNOLOGY,UNIVERSITY 
FR3370,JOSE MARIA VARAGAS UNIVERSITY,VE,LIAISON,JOSE MARIA VARAGAS UNIVERSITY,JOSE MARIA VARAGAS UNIVERSITY,UNIVERSITY 
FR1497,JOZSEF ATTILA UNIVERSITY,HU,LIAISON,JOZSEF ATTILA UNIVERSITY,JOZSEF ATTILA UNIVERSITY,UNIVERSITY 
FR0101,KARL-FRANZENS UNIVERSITAT,AU,LIAISON,KARLFRANZENS UNIVERSITAT UNIVERSITY,KARL-FRANZENS UNIVERSITAT,UNIVERSITY 
FR3119,KARLSTADS UNIVERSITET,SW,LIAISON,KARLSTADS UNIVERSITET UNIVERSITY,KARLSTADS UNIVERSITET,UNIVERSITY 
FR3124,KAROLINSKA INSTITUTET,SW,LIAISON,KAROLINSKA T INSTITUTE,KAROLINSKA INSTITUTET,INSTITUTE 
FR0956,KASR AL AINY FACULTY OF MEDICINE - CAIRO UNIVERSITY,EG,LIAISON,KASR AL AINY FACULTY MEDICINE CAIRO UNIVERSITY,KASR AL AINY FACULTY OF MEDICINE - CAIRO UNIVERSITY,UNIVERSITY 
FR0957,KASR AL AINY MEDICAL SCHOOL,EG,LIAISON,KASR AL AINY MEDICAL SCHOOL,KASR AL AINY MEDICAL SCHOOL,SCHOOL 
FR2554,KATHOLIEKE UNIVERSITEIT - NIJMEGEN,NL,LIAISON,KATHOLIEKE UNIVERSITEIT NIJMEGEN UNIVERSITY,KATHOLIEKE UNIVERSITEIT - NIJMEGEN,UNIVERSITY 
DNT578,KATHOLIEKE UNIVERSITEIT NIJMEGEN (KUN),NL,LIAISON,KATHOLIEKE UNIVERSITEIT NIJMEGEN (KUN) UNIVERSITY,KATHOLIEKE UNIVERSITEIT NIJMEGEN (KUN),UNIVERSITY 
FR2419,KAUNAS UNIVERSITY,LH,LIAISON,KAUNAS UNIVERSITY,KAUNAS UNIVERSITY,UNIVERSITY 
FR1085,KEELE UNIVERSITY,UK,LIAISON,KEELE UNIVERSITY,KEELE UNIVERSITY,UNIVERSITY 
FR1085,KEELE UNIVERSITY,UK,LIAISON,KEELE UNIVERSITY,KEELE UNIVERSITY,UNIVERSITY 
FR3311,KHARKIV NATIONAL UNIVERSITY OF ECONOMIC,UP,LIAISON,KHARKIV NATIONAL ECONOMIC UNIVERSITY,KHARKIV NATIONAL UNIVERSITY OF ECONOMIC,UNIVERSITY 
FR3312,KHARKOV CIVIL ENGINEERING INSTITUTE,UP,LIAISON,KHARKOV CIVIL ENGINEERING INSTITUTE,KHARKOV CIVIL ENGINEERING INSTITUTE,INSTITUTE 
FR3313,KHARKOV MEDICAL INSTITUTE,UP,LIAISON,KHARKOV MEDICAL INSTITUTE,KHARKOV MEDICAL INSTITUTE,INSTITUTE 
FR3314,KHARKOV STATE UNIVERSITY,UP,LIAISON,KHARKOV STATE UNIVERSITY,KHARKOV STATE UNIVERSITY,UNIVERSITY 
FR3317,KIEV INSTITUTE OF CIVIL ENGINEERING,UP,LIAISON,KIEV CIVIL ENGINEERING INSTITUTE,KIEV INSTITUTE OF CIVIL ENGINEERING,INSTITUTE 
FR3318,KIEV MEDICAL INSTITUTE,UP,LIAISON,KIEV MEDICAL INSTITUTE,KIEV MEDICAL INSTITUTE,INSTITUTE 
DNT752,KIEV MEDICAL INSTITUTE - FACULTY OF STOMATOLOGY,UP,LIAISON,KIEV MEDICAL FACULTY STOMATOLOGY INSTITUTE,KIEV MEDICAL INSTITUTE - FACULTY OF STOMATOLOGY,INSTITUTE 
FR3319,KIEV POLYTECHNICAL INSTITUTE,UP,LIAISON,KIEV POLYTECHNICAL INSTITUTE,KIEV POLYTECHNICAL INSTITUTE,INSTITUTE 
FR3320,KIEV STATE UNIVERSITY OF ECONOMICS,UP,LIAISON,KIEV STATE ECONOMICS UNIVERSITY,KIEV STATE UNIVERSITY OF ECONOMICS,UNIVERSITY 
FR3321,"KIEV, STATE UNIVERSITY OF",UP,LIAISON,KIEV STATE OF UNIVERSITY,"KIEV, STATE UNIVERSITY OF",UNIVERSITY 
DNT679,KIGALI HEALTH INSTITUTE,RW,LIAISON,KIGALI HEALTH INSTITUTE,KIGALI HEALTH INSTITUTE,INSTITUTE 
FR0985,KIGEZI INTERNATNL SCHOOL MEDICINE,UK,LIAISON,KIGEZI INTERNATNL MEDICINE SCHOOL,KIGEZI INTERNATNL SCHOOL MEDICINE,SCHOOL 
FR0985,KIGEZI INTERNATNL SCHOOL MEDICINE,UK,LIAISON,KIGEZI INTERNATNL MEDICINE SCHOOL,KIGEZI INTERNATNL SCHOOL MEDICINE,SCHOOL 
FR1117,KING ALFRED'S COLLEGE,UK,LIAISON,KING ALFREDS COLLEGE,KING ALFRED'S COLLEGE,COLLEGE 
FR1117,KING ALFRED'S COLLEGE,UK,LIAISON,KING ALFREDS COLLEGE,KING ALFRED'S COLLEGE,COLLEGE 
FR1043,"KING'S COLLEGE, LONDON",UK,LIAISON,KINGS LONDON COLLEGE,"KING'S COLLEGE, LONDON",COLLEGE 
FR1043,"KING'S COLLEGE, LONDON",UK,LIAISON,KINGS LONDON COLLEGE,"KING'S COLLEGE, LONDON",COLLEGE 
FR1042,KINGS COLLEGE (UNIVERSITY OF LONDON),UK,LIAISON,KINGS ( LONDON) UNIVERSITY COLLEGE,KINGS COLLEGE (UNIVERSITY OF LONDON),UNIVERSITY COLLEGE 
FR1042,KINGS COLLEGE (UNIVERSITY OF LONDON),UK,LIAISON,KINGS ( LONDON) UNIVERSITY COLLEGE,KINGS COLLEGE (UNIVERSITY OF LONDON),UNIVERSITY COLLEGE 
FR1009,KINGSTON UNIVERSITY,UK,LIAISON,KINGSTON UNIVERSITY,KINGSTON UNIVERSITY,UNIVERSITY 
FR1009,KINGSTON UNIVERSITY,UK,LIAISON,KINGSTON UNIVERSITY,KINGSTON UNIVERSITY,UNIVERSITY 
FR3326,KIROVOGRAD INSTITUTE AGRICULTURE MACH CONS,UP,LIAISON,KIROVOGRAD AGRICULTURE MACH CONS INSTITUTE,KIROVOGRAD INSTITUTE AGRICULTURE MACH CONS,INSTITUTE 
FR3168,DAMASCUS UNIVERSITY,SY,LIAISON,DAMASCUS UNIVERSITY,DAMASCUS UNIVERSITY,UNIVERSITY 
FR1493,DEBRECEN MEDICAL SCHOOL,HU,LIAISON,DEBRECEN MEDICAL SCHOOL,DEBRECEN MEDICAL SCHOOL,SCHOOL 
FR2540,DELFT UNIVERSITY OF TECHNOLOGY,NL,LIAISON,DELFT TECHNOLOGY UNIVERSITY,DELFT UNIVERSITY OF TECHNOLOGY,UNIVERSITY 
FR1012,DEMONFORT UNIVERSITY,UK,LIAISON,DEMONFORT UNIVERSITY,DEMONFORT UNIVERSITY,UNIVERSITY 
FR1012,DEMONFORT UNIVERSITY,UK,LIAISON,DEMONFORT UNIVERSITY,DEMONFORT UNIVERSITY,UNIVERSITY 
FR0438,DIEGO PORTALES UNIVERSITY,CI,LIAISON,DIEGO PORTALES UNIVERSITY,DIEGO PORTALES UNIVERSITY,UNIVERSITY 
DNT749,DNEPROPETROVSK MEDICAL INSTITUTE - FACULTY OF STOMATOLOGY,UP,LIAISON,DNEPROPETROVSK MEDICAL FACULTY STOMATOLOGY INSTITUTE,DNEPROPETROVSK MEDICAL INSTITUTE - FACULTY OF STOMATOLOGY,INSTITUTE 
FR2844,DOBRUDJAN COLLEGE-SPIRU MARET,RO,LIAISON,DOBRUDJAN SPIRU MARET COLLEGE,DOBRUDJAN COLLEGE-SPIRU MARET,COLLEGE 
FR1963,"DOHUK UNIVERSITY, COLLEGE OF MEDICINE",IZ,LIAISON,DOHUK MEDICINE UNIVERSITY COLLEGE,"DOHUK UNIVERSITY, COLLEGE OF MEDICINE",UNIVERSITY COLLEGE 
DNT750,DONECK MEDICAL INSTITUTE - FACULTY OF STOMATOLOGY,UP,LIAISON,DONECK MEDICAL FACULTY STOMATOLOGY INSTITUTE,DONECK MEDICAL INSTITUTE - FACULTY OF STOMATOLOGY,INSTITUTE 
FR3309,DONETSK STATE MEDICAL INSTITUTE,UP,LIAISON,DONETSK STATE MEDICAL INSTITUTE,DONETSK STATE MEDICAL INSTITUTE,INSTITUTE 
FR3310,DONETSK STATE MEDICAL UNIVERSITY,UP,LIAISON,DONETSK STATE MEDICAL UNIVERSITY,DONETSK STATE MEDICAL UNIVERSITY,UNIVERSITY 
FR0996,DURHAM UNIVERSITY,UK,LIAISON,DURHAM UNIVERSITY,DURHAM UNIVERSITY,UNIVERSITY 
FR0996,DURHAM UNIVERSITY,UK,LIAISON,DURHAM UNIVERSITY,DURHAM UNIVERSITY,UNIVERSITY 
FR2581,EBONYA STATE UNIVERSITY,NI,LIAISON,EBONYA STATE UNIVERSITY,EBONYA STATE UNIVERSITY,UNIVERSITY 
FR2965,EDINBURGH COLLEGE OF ART,UK,LIAISON,EDINBURGH ART COLLEGE,EDINBURGH COLLEGE OF ART,COLLEGE 
FR2965,EDINBURGH COLLEGE OF ART,UK,LIAISON,EDINBURGH ART COLLEGE,EDINBURGH COLLEGE OF ART,COLLEGE 
FR0953,EIN SHAMS UNIVERSITY - COLLEGE OF MEDICINE,EG,LIAISON,EIN SHAMS MEDICINE UNIVERSITY COLLEGE,EIN SHAMS UNIVERSITY - COLLEGE OF MEDICINE,UNIVERSITY COLLEGE 
FR2542,EINDHOVEN UNIVERSITY OF TECHNOLOGY,NL,LIAISON,EINDHOVEN TECHNOLOGY UNIVERSITY,EINDHOVEN UNIVERSITY OF TECHNOLOGY,UNIVERSITY 
FR2514,ENGLISH FOR SPECIAL PURPOSES INSTITUTE,MG,LIAISON,ENGLISH SPECIAL PURPOSES INSTITUTE,ENGLISH FOR SPECIAL PURPOSES INSTITUTE,INSTITUTE 
FR1490,EOTROS LORAND UNIVERSITY,HU,LIAISON,EOTROS LORAND UNIVERSITY,EOTROS LORAND UNIVERSITY,UNIVERSITY 
FR2555,ERASMUS UNIVERSITY ROTTERDAM,NL,LIAISON,ERASMUS ROTTERDAM UNIVERSITY,ERASMUS UNIVERSITY ROTTERDAM,UNIVERSITY 
DNT263,ESCUELA CIRUGIA DENTAL,ES,LIAISON,ESCUELA CIRUGIA DENTAL ,ESCUELA CIRUGIA DENTAL,
FR1029,EUROPEAN BUS SCHOOL (LONDON),UK,LIAISON,EUROPEAN BUS (LONDON) SCHOOL,EUROPEAN BUS SCHOOL (LONDON),SCHOOL 
FR1029,EUROPEAN BUS SCHOOL (LONDON),UK,LIAISON,EUROPEAN BUS (LONDON) SCHOOL,EUROPEAN BUS SCHOOL (LONDON),SCHOOL 
FR0954,EVANGELICAL THEOLOGICAL SEMINARY - EGYPT,EG,LIAISON,EVANGELICAL THEOLOGICAL SEMINARY EGYPT ,EVANGELICAL THEOLOGICAL SEMINARY - EGYPT,
FR1003,EXETER UNIVERSITY,UK,LIAISON,EXETER UNIVERSITY,EXETER UNIVERSITY,UNIVERSITY 
FR1003,EXETER UNIVERSITY,UK,LIAISON,EXETER UNIVERSITY,EXETER UNIVERSITY,UNIVERSITY 
DNT773,FACULDAD DE ODONTOLOGIA - ULA (UNIVERSIDAD DE LOS ANDES),VE,LIAISON,FACULDAD DE ODONTOLOGIA ULA (UNIVERSIDAD DE LOS ANDES) UNIVERSITY,FACULDAD DE ODONTOLOGIA - ULA (UNIVERSIDAD DE LOS ANDES),UNIVERSITY 
DNT634,FACULDADE DE MEDICINA DA UNIVERSIDADE DE COIMBRA,PO,LIAISON,FACULDADE DE MEDICINA DA UNIVERSIDADE DE COIMBRA UNIVERSITY,FACULDADE DE MEDICINA DA UNIVERSIDADE DE COIMBRA,UNIVERSITY 
DNT635,FACULDADE DE MEDICINA DENTRIA DE LISBOA,PO,LIAISON,FACULDADE DE MEDICINA DENTRIA DE LISBOA ,FACULDADE DE MEDICINA DENTRIA DE LISBOA,
DNT636,FACULDADE DE MEDICINA DENTRIA DO PORTO,PO,LIAISON,FACULDADE DE MEDICINA DENTRIA DO PORTO ,FACULDADE DE MEDICINA DENTRIA DO PORTO,
FR2798,FACULDADE ECONOMIA,PO,LIAISON,FACULDADE ECONOMIA ,FACULDADE ECONOMIA,
FR2820,FACULTY OF INTERNATIONAL TRADE AND ECONOMICS,RO,LIAISON,FACULTY INTERNATIONAL TRADE ECONOMICS ,FACULTY OF INTERNATIONAL TRADE AND ECONOMICS,
FR3165,FACULTY OF MEDICINE - ALEPPO,SY,LIAISON,FACULTY MEDICINE ALEPPO ,FACULTY OF MEDICINE - ALEPPO,
FR0955,FACULTY OF MEDICINE - CAIRO,EG,LIAISON,FACULTY MEDICINE CAIRO ,FACULTY OF MEDICINE - CAIRO,
DNT644,FACULTY OF MEDICINE AND PHARMACY,RO,LIAISON,FACULTY MEDICINE PHARMACY ,FACULTY OF MEDICINE AND PHARMACY,
FR2821,"FACULTY OF MEDICINE, BUCHAREST",RO,LIAISON,FACULTY MEDICINE BUCHAREST ,"FACULTY OF MEDICINE, BUCHAREST",
FR2822,FACULTY OF STOMATOLOGY,RO,LIAISON,FACULTY STOMATOLOGY ,FACULTY OF STOMATOLOGY,
DNT586,FAKULTETSSEKRETARIATET - DET ODONTOLOGISKE FAKULTET,NO,LIAISON,FAKULTETSSEKRETARIATET DET ODONTOLOGISKE FAKULTET ,FAKULTETSSEKRETARIATET - DET ODONTOLOGISKE FAKULTET,
FR2599,FEDERAL GOVERNMENT COLLEGE IKOT-EKPENE,NI,LIAISON,FEDERAL GOVERNMENT IKOTEKPENE COLLEGE,FEDERAL GOVERNMENT COLLEGE IKOT-EKPENE,COLLEGE 
FR2591,FEDERAL POLYTECHNIC - EKIT,NI,LIAISON,FEDERAL POLYTECHNIC EKIT ,FEDERAL POLYTECHNIC - EKIT,
FR2597,FEDERAL POLYTECHNIC - IDAH,NI,LIAISON,FEDERAL POLYTECHNIC IDAH ,FEDERAL POLYTECHNIC - IDAH,
FR2604,FEDERAL SCHOOL OF ARTS AND SCIENCES - LAGOS,NI,LIAISON,FEDERAL ARTS SCIENCES LAGOS SCHOOL,FEDERAL SCHOOL OF ARTS AND SCIENCES - LAGOS,SCHOOL 
FR2623,FEDERAL UNIVERSITY TECHNOLOGY YOLA,NI,LIAISON,FEDERAL TECHNOLOGY YOLA UNIVERSITY,FEDERAL UNIVERSITY TECHNOLOGY YOLA,UNIVERSITY 
FR3387,FOREIGN TRADE UNIVERSITY,VM,LIAISON,FOREIGN TRADE UNIVERSITY,FOREIGN TRADE UNIVERSITY,UNIVERSITY 
FR2778,FR CHOPIN ACADEMY OF MUSIC,PL,LIAISON,FR CHOPIN MUSIC ACADEMY,FR CHOPIN ACADEMY OF MUSIC,ACADEMY 
FR1030,FROEBAL INSTITUTE COLLEGE,UK,LIAISON,FROEBAL COLLEGE INSTITUTE,FROEBAL INSTITUTE COLLEGE,COLLEGE INSTITUTE 
FR1030,FROEBAL INSTITUTE COLLEGE,UK,LIAISON,FROEBAL COLLEGE INSTITUTE,FROEBAL INSTITUTE COLLEGE,COLLEGE INSTITUTE 
DNT645,G.T. POPA UNIVERSITY OF MEDICINE AND PHARMACY,RO,LIAISON,G.T. POPA MEDICINE PHARMACY UNIVERSITY,G.T. POPA UNIVERSITY OF MEDICINE AND PHARMACY,UNIVERSITY 
FR0439,GABRIELA MISTRAL UNIVERSITY,CI,LIAISON,GABRIELA MISTRAL UNIVERSITY,GABRIELA MISTRAL UNIVERSITY,UNIVERSITY 
FR1289,GAMBIA COLLEGE - SCHOOL OF PUBLIC HEALTH,GA,LIAISON,GAMBIA PUBLIC HEALTH COLLEGE SCHOOL,GAMBIA COLLEGE - SCHOOL OF PUBLIC HEALTH,COLLEGE SCHOOL 
DNT587,GEITMYRSVEIEN - DET ODONTOLOGISKE FAKULTET,NO,LIAISON,GEITMYRSVEIEN DET ODONTOLOGISKE FAKULTET ,GEITMYRSVEIEN - DET ODONTOLOGISKE FAKULTET,
FR1031,GENERAL COUNCIL OF THE BAR,UK,LIAISON,GENERAL COUNCIL THE BAR ,GENERAL COUNCIL OF THE BAR,
FR1031,GENERAL COUNCIL OF THE BAR,UK,LIAISON,GENERAL COUNCIL THE BAR ,GENERAL COUNCIL OF THE BAR,
FR1032,GENERAL NURSING COUNCIL FOR ENGLAND AND WALES,UK,LIAISON,GENERAL NURSING COUNCIL ENGLAND WALES ,GENERAL NURSING COUNCIL FOR ENGLAND AND WALES,
FR1032,GENERAL NURSING COUNCIL FOR ENGLAND AND WALES,UK,LIAISON,GENERAL NURSING COUNCIL ENGLAND WALES ,GENERAL NURSING COUNCIL FOR ENGLAND AND WALES,
FR0961,GERMAN UNIVERSITY IN CAIRO,EG,LIAISON,GERMAN CAIRO UNIVERSITY,GERMAN UNIVERSITY IN CAIRO,UNIVERSITY 
FR1429,GHANA MEDICAL SCHOOL,GH,LIAISON,GHANA MEDICAL SCHOOL,GHANA MEDICAL SCHOOL,SCHOOL 
FR1439,GHANA SECONDARY TECHNICAL SCHOOL,GH,LIAISON,GHANA SECONDARY TECHNICAL SCHOOL,GHANA SECONDARY TECHNICAL SCHOOL,SCHOOL 
DNT758,GLASGOW DENTAL HOSPITAL & SCHOOL,UK,LIAISON,GLASGOW DENTAL HOSPITAL SCHOOL,GLASGOW DENTAL HOSPITAL & SCHOOL,SCHOOL 
DNT758,GLASGOW DENTAL HOSPITAL & SCHOOL,UK,LIAISON,GLASGOW DENTAL HOSPITAL SCHOOL,GLASGOW DENTAL HOSPITAL & SCHOOL,SCHOOL 
FR2972,GLASGOW SCHOOL OF ART,UK,LIAISON,GLASGOW ART SCHOOL,GLASGOW SCHOOL OF ART,SCHOOL 
FR2972,GLASGOW SCHOOL OF ART,UK,LIAISON,GLASGOW ART SCHOOL,GLASGOW SCHOOL OF ART,SCHOOL 
FR1113,GODALMING COLLEGE,UK,LIAISON,GODALMING COLLEGE,GODALMING COLLEGE,COLLEGE 
FR1113,GODALMING COLLEGE,UK,LIAISON,GODALMING COLLEGE,GODALMING COLLEGE,COLLEGE 
FR0149,GOMEL STATE UNIVERSITY,BO,LIAISON,GOMEL STATE UNIVERSITY,GOMEL STATE UNIVERSITY,UNIVERSITY 
DNT709,GTEBORG UNIVERSITY,SW,LIAISON,GTEBORG UNIVERSITY,GTEBORG UNIVERSITY,UNIVERSITY 
FR3115,GOTEBORGS UNIVERSITAT,SW,LIAISON,GOTEBORGS UNIVERSITAT UNIVERSITY,GOTEBORGS UNIVERSITAT,UNIVERSITY 
FR1435,KUMASI MEDICAL SCHOOL,GH,LIAISON,KUMASI MEDICAL SCHOOL,KUMASI MEDICAL SCHOOL,SCHOOL 
FR2399,KUWAIT UNIVERSITY,KU,LIAISON,KUWAIT UNIVERSITY,KUWAIT UNIVERSITY,UNIVERSITY 
FR1500,KVENNASKOLINN IN REYKJAVIK,IC,LIAISON,KVENNASKOLINN REYKJAVIK ,KVENNASKOLINN IN REYKJAVIK,
FR1436,KWAME NKRUMAH UNIVERSITY OF SCIENCE AND TECHNOLOGY,GH,LIAISON,KWAME NKRUMAH SCIENCE TECHNOLOGY UNIVERSITY,KWAME NKRUMAH UNIVERSITY OF SCIENCE AND TECHNOLOGY,UNIVERSITY 
FR3327,KYIV NATIONAL ECONOMIC UNIVERSITY,UP,LIAISON,KYIV NATIONAL ECONOMIC UNIVERSITY,KYIV NATIONAL ECONOMIC UNIVERSITY,UNIVERSITY 
DNT753,L'VOV MEDICAL INSTITUTE - FACULTY OF STOMATOLOGY,UP,LIAISON,LVOV MEDICAL FACULTY STOMATOLOGY INSTITUTE,L'VOV MEDICAL INSTITUTE - FACULTY OF STOMATOLOGY,INSTITUTE 
FR2719,LA MOLINA NAT AGRIAN UNIVERSITY,PE,LIAISON,LA MOLINA NAT AGRIAN UNIVERSITY,LA MOLINA NAT AGRIAN UNIVERSITY,UNIVERSITY 
FR2605,LAGOS BUSINESS SCHOOL,NI,LIAISON,LAGOS BUSINESS SCHOOL,LAGOS BUSINESS SCHOOL,SCHOOL 
FR2606,LAGOS UNIVERSITY,NI,LIAISON,LAGOS UNIVERSITY,LAGOS UNIVERSITY,UNIVERSITY 
FR2607,LAGOS UNIVERSITY TEACHING HOSPITAL,NI,LIAISON,LAGOS TEACHING HOSPITAL UNIVERSITY,LAGOS UNIVERSITY TEACHING HOSPITAL,UNIVERSITY 
FR1010,LANCASTER UNIVERSITY,UK,LIAISON,LANCASTER UNIVERSITY,LANCASTER UNIVERSITY,UNIVERSITY 
FR1010,LANCASTER UNIVERSITY,UK,LIAISON,LANCASTER UNIVERSITY,LANCASTER UNIVERSITY,UNIVERSITY 
FR2967,LANDSDOWNE HOUSE,UK,LIAISON,LANDSDOWNE HOUSE ,LANDSDOWNE HOUSE,
FR2967,LANDSDOWNE HOUSE,UK,LIAISON,LANDSDOWNE HOUSE ,LANDSDOWNE HOUSE,
FR1106,LAWRENCE SHERIFF SCHOOL,UK,LIAISON,LAWRENCE SHERIFF SCHOOL,LAWRENCE SHERIFF SCHOOL,SCHOOL 
FR1106,LAWRENCE SHERIFF SCHOOL,UK,LIAISON,LAWRENCE SHERIFF SCHOOL,LAWRENCE SHERIFF SCHOOL,SCHOOL 
DNT760,LEEDS DENTAL INSTITUTE,UK,LIAISON,LEEDS DENTAL INSTITUTE,LEEDS DENTAL INSTITUTE,INSTITUTE 
DNT760,LEEDS DENTAL INSTITUTE,UK,LIAISON,LEEDS DENTAL INSTITUTE,LEEDS DENTAL INSTITUTE,INSTITUTE 
FR1013,LEICESTER UNIVERSITY,UK,LIAISON,LEICESTER UNIVERSITY,LEICESTER UNIVERSITY,UNIVERSITY 
FR1013,LEICESTER UNIVERSITY,UK,LIAISON,LEICESTER UNIVERSITY,LEICESTER UNIVERSITY,UNIVERSITY 
FR2548,LEIDEN UNIVERSITY,NL,LIAISON,LEIDEN UNIVERSITY,LEIDEN UNIVERSITY,UNIVERSITY 
FR2762,MEDICAL ACADEMY IN BIALYSTOK,PL,LIAISON,MEDICAL BIALYSTOK ACADEMY,MEDICAL ACADEMY IN BIALYSTOK,ACADEMY 
FR2771,MEDICAL ACADEMY IN LUBLIN,PL,LIAISON,MEDICAL LUBLIN ACADEMY,MEDICAL ACADEMY IN LUBLIN,ACADEMY 
FR3394,MEDICAL UNIVERSITY - VIETNAM,VM,LIAISON,MEDICAL VIETNAM UNIVERSITY,MEDICAL UNIVERSITY - VIETNAM,UNIVERSITY 
DNT625,MEDICAL UNIVERSITY OF LODZ - FACULTY OF MEDECINE AND DENTISTRY,PL,LIAISON,MEDICAL LODZ FACULTY MEDECINE DENTISTRY UNIVERSITY,MEDICAL UNIVERSITY OF LODZ - FACULTY OF MEDECINE AND DENTISTRY,UNIVERSITY 
DNT626,MEDICAL UNIVERSITY OF SILESIA (KATOWICE) - ODDZIAL STOMATOLOGICZNY,PL,LIAISON,MEDICAL SILESIA (KATOWICE) ODDZIAL STOMATOLOGICZNY UNIVERSITY,MEDICAL UNIVERSITY OF SILESIA (KATOWICE) - ODDZIAL STOMATOLOGICZNY,UNIVERSITY 
FR2823,MEDICO-PHARACEUTICAL INSTITUTE OF BUCHAREST,RO,LIAISON,MEDICOPHARACEUTICAL BUCHAREST INSTITUTE,MEDICO-PHARACEUTICAL INSTITUTE OF BUCHAREST,INSTITUTE 
FR0116,MEDIZINISCHE UNIVERSITAT WIEN,AU,LIAISON,MEDIZINISCHE UNIVERSITAT WIEN UNIVERSITY,MEDIZINISCHE UNIVERSITAT WIEN,UNIVERSITY 
FR2625,"METHODIST COLLEGE, BELFAST",UK,LIAISON,METHODIST BELFAST COLLEGE,"METHODIST COLLEGE, BELFAST",COLLEGE 
FR2625,"METHODIST COLLEGE, BELFAST",UK,LIAISON,METHODIST BELFAST COLLEGE,"METHODIST COLLEGE, BELFAST",COLLEGE 
FR3372,METROPOLITAN UNIVERSITY,VE,LIAISON,METROPOLITAN UNIVERSITY,METROPOLITAN UNIVERSITY,UNIVERSITY 
FR1433,MFANTSIPIM SCHOOL,GH,LIAISON,MFANTSIPIM SCHOOL,MFANTSIPIM SCHOOL,SCHOOL 
FR1053,MIDDLESEX UNIVERSITY,UK,LIAISON,MIDDLESEX UNIVERSITY,MIDDLESEX UNIVERSITY,UNIVERSITY 
FR1053,MIDDLESEX UNIVERSITY,UK,LIAISON,MIDDLESEX UNIVERSITY,MIDDLESEX UNIVERSITY,UNIVERSITY 
FR0959,MINIA UNIVERSITY,EG,LIAISON,MINIA UNIVERSITY,MINIA UNIVERSITY,UNIVERSITY 
FR0152,MINSK MEDICAL INSTITUTE,BO,LIAISON,MINSK MEDICAL INSTITUTE,MINSK MEDICAL INSTITUTE,INSTITUTE 
DNT123,MINSK MEDICAL INSTITUTE - FACULTY OF STOMATOLOGY,BO,LIAISON,MINSK MEDICAL FACULTY STOMATOLOGY INSTITUTE,MINSK MEDICAL INSTITUTE - FACULTY OF STOMATOLOGY,INSTITUTE 
FR0153,MINSK STATE INSTITUTE FOREIGN LANGUAGES,BO,LIAISON,MINSK STATE FOREIGN LANGUAGES INSTITUTE,MINSK STATE INSTITUTE FOREIGN LANGUAGES,INSTITUTE 
FR3328,MODERN INSTITUTE OF HUMANITIES/SCIENCE,UP,LIAISON,MODERN HUMANITIES/SCIENCE INSTITUTE,MODERN INSTITUTE OF HUMANITIES/SCIENCE,INSTITUTE 
FR2841,MOLDOVA STATE UNIVERSITY,RO,LIAISON,MOLDOVA STATE UNIVERSITY,MOLDOVA STATE UNIVERSITY,UNIVERSITY 
FR2517,MONGOLIAN MEDICAL UNIVERSITY,MG,LIAISON,MONGOLIAN MEDICAL UNIVERSITY,MONGOLIAN MEDICAL UNIVERSITY,UNIVERSITY 
FR2515,MONGOLIAN UNIVERSITY OF SCIENCE AND TECHOLOGY,MG,LIAISON,MONGOLIAN SCIENCE TECHOLOGY UNIVERSITY,MONGOLIAN UNIVERSITY OF SCIENCE AND TECHOLOGY,UNIVERSITY 
FR3384,NATIONAL UNIVERSITY OF ECONOMICS,VM,LIAISON,NATIONAL ECONOMICS UNIVERSITY,NATIONAL UNIVERSITY OF ECONOMICS,UNIVERSITY 
FR3395,NATIONAL UNIVERSITY OF HANOI,VM,LIAISON,NATIONAL HANOI UNIVERSITY,NATIONAL UNIVERSITY OF HANOI,UNIVERSITY 
FR3388,NATIONAL UNIVERSITY OF HO CHI MINH CITY,VM,LIAISON,NATIONAL HO CHI MINH CITY UNIVERSITY,NATIONAL UNIVERSITY OF HO CHI MINH CITY,UNIVERSITY 
FR2720,NATIONAL UNIVERSITY OF SAN MARCOS,PE,LIAISON,NATIONAL SAN MARCOS UNIVERSITY,NATIONAL UNIVERSITY OF SAN MARCOS,UNIVERSITY 
FR2729,NATIONAL UNIVERSITY OF TRUJILLO,PE,LIAISON,NATIONAL TRUJILLO UNIVERSITY,NATIONAL UNIVERSITY OF TRUJILLO,UNIVERSITY 
FR3118,NAVAL ACADEMY - SWEDEN,SW,LIAISON,NAVAL SWEDEN ACADEMY,NAVAL ACADEMY - SWEDEN,ACADEMY 
FR2556,NETHERLANDS INSTITUTE FOR HEALTH SCIENCES,NL,LIAISON,NETHERLANDS HEALTH SCIENCES INSTITUTE,NETHERLANDS INSTITUTE FOR HEALTH SCIENCES,INSTITUTE 
FR2558,NETHERLANDS INSTITUTE FOR SEA RESEARCH,NL,LIAISON,NETHERLANDS SEA RESEARCH INSTITUTE,NETHERLANDS INSTITUTE FOR SEA RESEARCH,INSTITUTE 
FR0997,NEW COLLEGE DURHAM,UK,LIAISON,NEW DURHAM COLLEGE,NEW COLLEGE DURHAM,COLLEGE 
FR0997,NEW COLLEGE DURHAM,UK,LIAISON,NEW DURHAM COLLEGE,NEW COLLEGE DURHAM,COLLEGE 
FR2776,NICHOLAS COPERNICUS UNIVERSITY,PL,LIAISON,NICHOLAS COPERNICUS UNIVERSITY,NICHOLAS COPERNICUS UNIVERSITY,UNIVERSITY 
FR2609,NIGERIAN LAW SCHOOL,NI,LIAISON,NIGERIAN LAW SCHOOL,NIGERIAN LAW SCHOOL,SCHOOL 
FR2585,NIGERIAN NAVY SECNDRY SCHOOL,NI,LIAISON,NIGERIAN NAVY SECNDRY SCHOOL,NIGERIAN NAVY SECNDRY SCHOOL,SCHOOL 
FR2586,NNAMDI AZIKIWE UNIVERSITY,NI,LIAISON,NNAMDI AZIKIWE UNIVERSITY,NNAMDI AZIKIWE UNIVERSITY,UNIVERSITY 
FR2612,NNAMDI AZIKIWE UNIVERSITY COLLEGE OF HEALTH SCIENCES,NI,LIAISON,NNAMDI AZIKIWE HEALTH SCIENCES UNIVERSITY COLLEGE,NNAMDI AZIKIWE UNIVERSITY COLLEGE OF HEALTH SCIENCES,UNIVERSITY COLLEGE 
FR3116,NORDIC SCHOOL OF PUBLIC HEALTH,SW,LIAISON,NORDIC PUBLIC HEALTH SCHOOL,NORDIC SCHOOL OF PUBLIC HEALTH,SCHOOL 
FR3105,NORTH COLOMBO MEDICAL COLLEGE,CE,LIAISON,NORTH COLOMBO MEDICAL COLLEGE,NORTH COLOMBO MEDICAL COLLEGE,COLLEGE 
FR3483,NORTHERN CARIBBEAN UNIVERSITY,JM,LIAISON,NORTHERN CARIBBEAN UNIVERSITY,NORTHERN CARIBBEAN UNIVERSITY,UNIVERSITY 
FR2634,NORWEGIAN SCHOOL OF MGMT,NO,LIAISON,NORWEGIAN MGMT SCHOOL,NORWEGIAN SCHOOL OF MGMT,SCHOOL 
FR2636,NORWEGIAN UNIVERSITY OF SCIENCE AND TECHNOLOGY,NO,LIAISON,NORWEGIAN SCIENCE TECHNOLOGY UNIVERSITY,NORWEGIAN UNIVERSITY OF SCIENCE AND TECHNOLOGY,UNIVERSITY 
FR2629,NORWEIGIAN SCHOOL OF ECONOMICS AND BUSINESS ADMINISTRATION,NO,LIAISON,NORWEIGIAN ECONOMICS BUSINESS ADMINISTRATION SCHOOL,NORWEIGIAN SCHOOL OF ECONOMICS AND BUSINESS ADMINISTRATION,SCHOOL 
FR1086,NOTTINGHAM TRENT UNIVERSITY,UK,LIAISON,NOTTINGHAM TRENT UNIVERSITY,NOTTINGHAM TRENT UNIVERSITY,UNIVERSITY 
FR1086,NOTTINGHAM TRENT UNIVERSITY,UK,LIAISON,NOTTINGHAM TRENT UNIVERSITY,NOTTINGHAM TRENT UNIVERSITY,UNIVERSITY 
FR1087,NOTTINGHAM UNIVERSITY,UK,LIAISON,NOTTINGHAM UNIVERSITY,NOTTINGHAM UNIVERSITY,UNIVERSITY 
FR1087,NOTTINGHAM UNIVERSITY,UK,LIAISON,NOTTINGHAM UNIVERSITY,NOTTINGHAM UNIVERSITY,UNIVERSITY 
FR1054,NUCLEAR MEDICINE INSTITUTE,UK,LIAISON,NUCLEAR MEDICINE INSTITUTE,NUCLEAR MEDICINE INSTITUTE,INSTITUTE 
FR1054,NUCLEAR MEDICINE INSTITUTE,UK,LIAISON,NUCLEAR MEDICINE INSTITUTE,NUCLEAR MEDICINE INSTITUTE,INSTITUTE 
FR2600,OBAFEMI AWOLOWO UNIVERSITY,NI,LIAISON,OBAFEMI AWOLOWO UNIVERSITY,OBAFEMI AWOLOWO UNIVERSITY,UNIVERSITY 
DNT627,ODDZIAL STOMATOLOGICZNY - POZNA,PL,LIAISON,ODDZIAL STOMATOLOGICZNY POZNA ,ODDZIAL STOMATOLOGICZNY - POZNA,
DNT628,ODDZIAL STOMATOLOGICZNY - WARSZAWA,PL,LIAISON,ODDZIAL STOMATOLOGICZNY WARSZAWA ,ODDZIAL STOMATOLOGICZNY - WARSZAWA,
DNT629,ODDZIAL STOMATOLOGICZNY - WROCLAW,PL,LIAISON,ODDZIAL STOMATOLOGICZNY WROCLAW ,ODDZIAL STOMATOLOGICZNY - WROCLAW,
DNT754,ODESSA MEDICAL INSTITUTE - FACULTY OF STOMATOLOGY,UP,LIAISON,ODESSA MEDICAL FACULTY STOMATOLOGY INSTITUTE,ODESSA MEDICAL INSTITUTE - FACULTY OF STOMATOLOGY,INSTITUTE 
FR3338,ODESSA STATE ECONOMICS UNIVERSITY,UP,LIAISON,ODESSA STATE ECONOMICS UNIVERSITY,ODESSA STATE ECONOMICS UNIVERSITY,UNIVERSITY 
FR3339,ODESSA STATE POLY UNIVERSITY,UP,LIAISON,ODESSA STATE POLY UNIVERSITY,ODESSA STATE POLY UNIVERSITY,UNIVERSITY 
FR3340,ODESSA THEOLOGICAL SEMINARY,UP,LIAISON,ODESSA THEOLOGICAL SEMINARY ,ODESSA THEOLOGICAL SEMINARY,
FR2618,OGUN STATE UNIVERSITY,NI,LIAISON,OGUN STATE UNIVERSITY,OGUN STATE UNIVERSITY,UNIVERSITY 
FR2583,OLABISI ONABANJO UNIVERSITY,NI,LIAISON,OLABISI ONABANJO UNIVERSITY,OLABISI ONABANJO UNIVERSITY,UNIVERSITY 
FR2779,PWSBIA,PL,LIAISON,PWSBIA ,PWSBIA,
FR0967,QUEEN MARY'S COLLEGE,UK,LIAISON,QUEEN MARYS COLLEGE,QUEEN MARY'S COLLEGE,COLLEGE 
FR0967,QUEEN MARY'S COLLEGE,UK,LIAISON,QUEEN MARYS COLLEGE,QUEEN MARY'S COLLEGE,COLLEGE 
FR1105,QUEEN MARY'S HOSPITAL,UK,LIAISON,QUEEN MARYS HOSPITAL ,QUEEN MARY'S HOSPITAL,
FR1105,QUEEN MARY'S HOSPITAL,UK,LIAISON,QUEEN MARYS HOSPITAL ,QUEEN MARY'S HOSPITAL,
DNT761,QUEEN MARY'S SCHOOL OF MEDICINE AND DENTISTRY,UK,LIAISON,QUEEN MARYS MEDICINE DENTISTRY SCHOOL,QUEEN MARY'S SCHOOL OF MEDICINE AND DENTISTRY,SCHOOL 
DNT761,QUEEN MARY'S SCHOOL OF MEDICINE AND DENTISTRY,UK,LIAISON,QUEEN MARYS MEDICINE DENTISTRY SCHOOL,QUEEN MARY'S SCHOOL OF MEDICINE AND DENTISTRY,SCHOOL 
FR1966,QUEEN'S UNIVERSITY OF BELFAST,UK,LIAISON,QUEENS BELFAST UNIVERSITY,QUEEN'S UNIVERSITY OF BELFAST,UNIVERSITY 
FR1966,QUEEN'S UNIVERSITY OF BELFAST,UK,LIAISON,QUEENS BELFAST UNIVERSITY,QUEEN'S UNIVERSITY OF BELFAST,UNIVERSITY 
FR1097,QUEENS COLLEGE,UK,LIAISON,QUEENS COLLEGE,QUEENS COLLEGE,COLLEGE 
FR1097,QUEENS COLLEGE,UK,LIAISON,QUEENS COLLEGE,QUEENS COLLEGE,COLLEGE 
FR0273,RANGOON UNIVERSITY,BM,LIAISON,RANGOON UNIVERSITY,RANGOON UNIVERSITY,UNIVERSITY 
FR1056,"REGENT'S COLLEGE, LONDON",UK,LIAISON,REGENTS LONDON COLLEGE,"REGENT'S COLLEGE, LONDON",COLLEGE 
FR1056,"REGENT'S COLLEGE, LONDON",UK,LIAISON,REGENTS LONDON COLLEGE,"REGENT'S COLLEGE, LONDON",COLLEGE 
FR1503,REYKJAVIK JUNIOR COLLEGE,IC,LIAISON,REYKJAVIK JUNIOR COLLEGE,REYKJAVIK JUNIOR COLLEGE,COLLEGE 
FR1501,REYKJAVIK UNIVERSITY,IC,LIAISON,REYKJAVIK UNIVERSITY,REYKJAVIK UNIVERSITY,UNIVERSITY 
FR1103,RICHMOND AMERICAN INTERNATIONAL UNIVERSITY IN LONDON,UK,LIAISON,RICHMOND AMERICAN INTERNATIONAL LONDON UNIVERSITY,RICHMOND AMERICAN INTERNATIONAL UNIVERSITY IN LONDON,UNIVERSITY 
FR1103,RICHMOND AMERICAN INTERNATIONAL UNIVERSITY IN LONDON,UK,LIAISON,RICHMOND AMERICAN INTERNATIONAL LONDON UNIVERSITY,RICHMOND AMERICAN INTERNATIONAL UNIVERSITY IN LONDON,UNIVERSITY 
FR1104,RICHMOND COLLEGE,UK,LIAISON,RICHMOND COLLEGE,RICHMOND COLLEGE,COLLEGE 
FR1104,RICHMOND COLLEGE,UK,LIAISON,RICHMOND COLLEGE,RICHMOND COLLEGE,COLLEGE 
OS0003,RICHMOND THE AMERICAN INTERNATIONAL UNIVERSITY IN LONDON,UK,LIAISON,RICHMOND AMERICAN INTERNATIONAL LONDON UNIVERSITY,RICHMOND THE AMERICAN INTERNATIONAL UNIVERSITY IN LONDON,UNIVERSITY 
OS0003,RICHMOND THE AMERICAN INTERNATIONAL UNIVERSITY IN LONDON,UK,LIAISON,RICHMOND AMERICAN INTERNATIONAL LONDON UNIVERSITY,RICHMOND THE AMERICAN INTERNATIONAL UNIVERSITY IN LONDON,UNIVERSITY 
FR2539,"RIETVELD, GERRIT, ACADEMY",NL,LIAISON,RIETVELD GERRIT ACADEMY,"RIETVELD, GERRIT, ACADEMY",ACADEMY 
DNT517,RIGA 1ST MEDICAL SCHOOL,LG,LIAISON,RIGA 1ST MEDICAL SCHOOL,RIGA 1ST MEDICAL SCHOOL,SCHOOL 
DNT519,RIGA STRADINS UNIVERSITY - FACULTY OF STOMATOLOGY,LG,LIAISON,RIGA STRADINS FACULTY STOMATOLOGY UNIVERSITY,RIGA STRADINS UNIVERSITY - FACULTY OF STOMATOLOGY,UNIVERSITY 
DNT518,RIGA STRADINS UNIVERSITY SCHOOL OF DENTAL HYGIENISTS,LG,LIAISON,RIGA STRADINS DENTAL HYGIENISTS UNIVERSITY SCHOOL,RIGA STRADINS UNIVERSITY SCHOOL OF DENTAL HYGIENISTS,UNIVERSITY SCHOOL 
FR2404,RIGAS TEHNISKA UNIVERSITATE,LG,LIAISON,RIGAS TEHNISKA UNIVERSITATE UNIVERSITY,RIGAS TEHNISKA UNIVERSITATE,UNIVERSITY 
FR2545,RIJKS UNIVERSITEIT - GRONINGEN,NL,LIAISON,RIJKS UNIVERSITEIT GRONINGEN UNIVERSITY,RIJKS UNIVERSITEIT - GRONINGEN,UNIVERSITY 
FR2549,RIJKS UNIVERSITEIT - LEIDEN,NL,LIAISON,RIJKS UNIVERSITEIT LEIDEN UNIVERSITY,RIJKS UNIVERSITEIT - LEIDEN,UNIVERSITY 
FR2550,RIJKS UNIVERSITEIT - LIMBURG,NL,LIAISON,RIJKS UNIVERSITEIT LIMBURG UNIVERSITY,RIJKS UNIVERSITEIT - LIMBURG,UNIVERSITY 
DNT579,RIJKSUNIVERSITEIT GRONINGEN - FACULTEIT TANDHEELKUNDE/AFD. MONDHYGINE,NL,LIAISON,RIJKSUNIVERSITEIT GRONINGEN FACULTEIT TANDHEELKUNDE/AFD. MONDHYGINE ,RIJKSUNIVERSITEIT GRONINGEN - FACULTEIT TANDHEELKUNDE/AFD. MONDHYGINE,
FR2961,ROBERT GORDON UNIVERSITY,UK,LIAISON,ROBERT GORDON UNIVERSITY,ROBERT GORDON UNIVERSITY,UNIVERSITY 
FR2961,ROBERT GORDON UNIVERSITY,UK,LIAISON,ROBERT GORDON UNIVERSITY,ROBERT GORDON UNIVERSITY,UNIVERSITY 
FR1057,ROEHAMPTON INSTITUTE,UK,LIAISON,ROEHAMPTON INSTITUTE,ROEHAMPTON INSTITUTE,INSTITUTE 
FR1057,ROEHAMPTON INSTITUTE,UK,LIAISON,ROEHAMPTON INSTITUTE,ROEHAMPTON INSTITUTE,INSTITUTE 
FR1058,ROSE BRUFORD COLLEGE,UK,LIAISON,ROSE BRUFORD COLLEGE,ROSE BRUFORD COLLEGE,COLLEGE 
FR1058,ROSE BRUFORD COLLEGE,UK,LIAISON,ROSE BRUFORD COLLEGE,ROSE BRUFORD COLLEGE,COLLEGE 
FR2557,ROTTERDAM CONSERVATORY,NL,LIAISON,ROTTERDAM CONSERVATORY,ROTTERDAM CONSERVATORY,CONSERVATORY 
FR1059,ROYAL ACADEMY OF DRAMATIC ARTS,UK,LIAISON,ROYAL DRAMATIC ARTS ACADEMY,ROYAL ACADEMY OF DRAMATIC ARTS,ACADEMY 
FR1059,ROYAL ACADEMY OF DRAMATIC ARTS,UK,LIAISON,ROYAL DRAMATIC ARTS ACADEMY,ROYAL ACADEMY OF DRAMATIC ARTS,ACADEMY 
FR1060,ROYAL ACADEMY OF MUSIC,UK,LIAISON,ROYAL MUSIC ACADEMY,ROYAL ACADEMY OF MUSIC,ACADEMY 
FR1060,ROYAL ACADEMY OF MUSIC,UK,LIAISON,ROYAL MUSIC ACADEMY,ROYAL ACADEMY OF MUSIC,ACADEMY 
FR1061,ROYAL COLLEGE OF ANAESTHETISTS,UK,LIAISON,ROYAL ANAESTHETISTS COLLEGE,ROYAL COLLEGE OF ANAESTHETISTS,COLLEGE 
FR1061,ROYAL COLLEGE OF ANAESTHETISTS,UK,LIAISON,ROYAL ANAESTHETISTS COLLEGE,ROYAL COLLEGE OF ANAESTHETISTS,COLLEGE 
FR1062,ROYAL COLLEGE OF MUSIC - LONDON,UK,LIAISON,ROYAL MUSIC LONDON COLLEGE,ROYAL COLLEGE OF MUSIC - LONDON,COLLEGE 
FR1062,ROYAL COLLEGE OF MUSIC - LONDON,UK,LIAISON,ROYAL MUSIC LONDON COLLEGE,ROYAL COLLEGE OF MUSIC - LONDON,COLLEGE 
FR1063,ROYAL COLLEGE OF PHYSICIANS OF LONDON,UK,LIAISON,ROYAL PHYSICIANS LONDON COLLEGE,ROYAL COLLEGE OF PHYSICIANS OF LONDON,COLLEGE 
FR1063,ROYAL COLLEGE OF PHYSICIANS OF LONDON,UK,LIAISON,ROYAL PHYSICIANS LONDON COLLEGE,ROYAL COLLEGE OF PHYSICIANS OF LONDON,COLLEGE 
FR1064,ROYAL FREE HOSPITAL SCHOOL OF MEDICINE,UK,LIAISON,ROYAL FREE HOSPITAL MEDICINE SCHOOL,ROYAL FREE HOSPITAL SCHOOL OF MEDICINE,SCHOOL 
FR1064,ROYAL FREE HOSPITAL SCHOOL OF MEDICINE,UK,LIAISON,ROYAL FREE HOSPITAL MEDICINE SCHOOL,ROYAL FREE HOSPITAL SCHOOL OF MEDICINE,SCHOOL 
FR1002,"ROYAL HOLLOWAY, UNIVERSITY OF LONDON",UK,LIAISON,ROYAL HOLLOWAY LONDON UNIVERSITY,"ROYAL HOLLOWAY, UNIVERSITY OF LONDON",UNIVERSITY 
FR1002,"ROYAL HOLLOWAY, UNIVERSITY OF LONDON",UK,LIAISON,ROYAL HOLLOWAY LONDON UNIVERSITY,"ROYAL HOLLOWAY, UNIVERSITY OF LONDON",UNIVERSITY 
FR3125,ROYAL INSTITUTE OF TECHNOLOGY,SW,LIAISON,ROYAL TECHNOLOGY INSTITUTE,ROYAL INSTITUTE OF TECHNOLOGY,INSTITUTE 
FR2974,ROYAL SCOTTISH ACADEMY OF MUSIC/DRAMA,UK,LIAISON,ROYAL SCOTTISH MUSIC/DRAMA ACADEMY,ROYAL SCOTTISH ACADEMY OF MUSIC/DRAMA,ACADEMY 
FR2974,ROYAL SCOTTISH ACADEMY OF MUSIC/DRAMA,UK,LIAISON,ROYAL SCOTTISH MUSIC/DRAMA ACADEMY,ROYAL SCOTTISH ACADEMY OF MUSIC/DRAMA,ACADEMY 
FR2584,ONDO STATE UNIVERSITY,NI,LIAISON,ONDO STATE UNIVERSITY,ONDO STATE UNIVERSITY,UNIVERSITY 
FR1081,OPEN UNIVERSITY (UNITED KINGDOM),UK,LIAISON,OPEN (UNITED KINGDOM) UNIVERSITY,OPEN UNIVERSITY (UNITED KINGDOM),UNIVERSITY 
FR1081,OPEN UNIVERSITY (UNITED KINGDOM),UK,LIAISON,OPEN (UNITED KINGDOM) UNIVERSITY,OPEN UNIVERSITY (UNITED KINGDOM),UNIVERSITY 
FR1090,ORIEL COLLEGE,UK,LIAISON,ORIEL COLLEGE,ORIEL COLLEGE,COLLEGE 
FR1090,ORIEL COLLEGE,UK,LIAISON,ORIEL COLLEGE,ORIEL COLLEGE,COLLEGE 
FR3341,OSTROH ACADEMY,UP,LIAISON,OSTROH ACADEMY,OSTROH ACADEMY,ACADEMY 
FR1111,OWESTRY AND NORTH STAFFORDSHIRE UNIVERSITY,UK,LIAISON,OWESTRY NORTH STAFFORDSHIRE UNIVERSITY,OWESTRY AND NORTH STAFFORDSHIRE UNIVERSITY,UNIVERSITY 
FR1111,OWESTRY AND NORTH STAFFORDSHIRE UNIVERSITY,UK,LIAISON,OWESTRY NORTH STAFFORDSHIRE UNIVERSITY,OWESTRY AND NORTH STAFFORDSHIRE UNIVERSITY,UNIVERSITY 
FR1091,OXFORD BROOKES UNIVERSITY,UK,LIAISON,OXFORD BROOKES UNIVERSITY,OXFORD BROOKES UNIVERSITY,UNIVERSITY 
FR1091,OXFORD BROOKES UNIVERSITY,UK,LIAISON,OXFORD BROOKES UNIVERSITY,OXFORD BROOKES UNIVERSITY,UNIVERSITY 
FR1092,OXFORD INSTITUTE FOR YIDDISH STUDIES,UK,LIAISON,OXFORD YIDDISH STUDIES INSTITUTE,OXFORD INSTITUTE FOR YIDDISH STUDIES,INSTITUTE 
FR1092,OXFORD INSTITUTE FOR YIDDISH STUDIES,UK,LIAISON,OXFORD YIDDISH STUDIES INSTITUTE,OXFORD INSTITUTE FOR YIDDISH STUDIES,INSTITUTE 
FR1093,OXFORD POLYTECHNIC,UK,LIAISON,OXFORD POLYTECHNIC ,OXFORD POLYTECHNIC,
FR1093,OXFORD POLYTECHNIC,UK,LIAISON,OXFORD POLYTECHNIC ,OXFORD POLYTECHNIC,
FR1095,OXFORD UNIVERSITY,UK,LIAISON,OXFORD UNIVERSITY,OXFORD UNIVERSITY,UNIVERSITY 
FR1095,OXFORD UNIVERSITY,UK,LIAISON,OXFORD UNIVERSITY,OXFORD UNIVERSITY,UNIVERSITY 
FR1096,OXFORD UNIVERSITY DEPARTMENT OF CONTINUING EDUCATION,UK,LIAISON,OXFORD DEPARTMENT CONTINUING EDUCATION UNIVERSITY,OXFORD UNIVERSITY DEPARTMENT OF CONTINUING EDUCATION,UNIVERSITY 
FR1096,OXFORD UNIVERSITY DEPARTMENT OF CONTINUING EDUCATION,UK,LIAISON,OXFORD DEPARTMENT CONTINUING EDUCATION UNIVERSITY,OXFORD UNIVERSITY DEPARTMENT OF CONTINUING EDUCATION,UNIVERSITY 
FR1094,OXFORD UNIVERSITY MEDICAL SCHOOL,UK,LIAISON,OXFORD MEDICAL UNIVERSITY SCHOOL,OXFORD UNIVERSITY MEDICAL SCHOOL,UNIVERSITY SCHOOL 
FR1094,OXFORD UNIVERSITY MEDICAL SCHOOL,UK,LIAISON,OXFORD MEDICAL UNIVERSITY SCHOOL,OXFORD UNIVERSITY MEDICAL SCHOOL,UNIVERSITY SCHOOL 
FR3342,POLTAVA STATE MEDICAL INSTITUTE,UP,LIAISON,POLTAVA STATE MEDICAL INSTITUTE,POLTAVA STATE MEDICAL INSTITUTE,INSTITUTE 
FR2826,POLYTECHNIC INSTITUTE OF BUCHAREST,RO,LIAISON,POLYTECHNIC BUCHAREST INSTITUTE,POLYTECHNIC INSTITUTE OF BUCHAREST,INSTITUTE 
FR1055,POLYTECHNIC OF CENTRAL LONDON,UK,LIAISON,POLYTECHNIC CENTRAL LONDON ,POLYTECHNIC OF CENTRAL LONDON,
FR1055,POLYTECHNIC OF CENTRAL LONDON,UK,LIAISON,POLYTECHNIC CENTRAL LONDON ,POLYTECHNIC OF CENTRAL LONDON,
FR3386,POLYTECHNIC UNIVERSITY OF HO CHI MINH CITY,VM,LIAISON,POLYTECHNIC HO CHI MINH CITY UNIVERSITY,POLYTECHNIC UNIVERSITY OF HO CHI MINH CITY,UNIVERSITY 
FR0440,PONTIFICA UNIVERSIDAD CATOLICA,CI,LIAISON,PONTIFICA UNIVERSIDAD CATOLICA UNIVERSITY,PONTIFICA UNIVERSIDAD CATOLICA,UNIVERSITY 
FR0441,PONTIFICIA UNIVERSITY CATOLICA DE CHILE,CI,LIAISON,PONTIFICIA CATOLICA DE CHILE UNIVERSITY,PONTIFICIA UNIVERSITY CATOLICA DE CHILE,UNIVERSITY 
FR2721,PONTIFICIA UNIVERSITY CATOLICA-PERU,PE,LIAISON,PONTIFICIA CATOLICAPERU UNIVERSITY,PONTIFICIA UNIVERSITY CATOLICA-PERU,UNIVERSITY 
FR2799,PORTO MEDICAL SCHOOL,PO,LIAISON,PORTO MEDICAL SCHOOL,PORTO MEDICAL SCHOOL,SCHOOL 
FR2626,PORTORA ROYAL SCHOOL,UK,LIAISON,PORTORA ROYAL SCHOOL,PORTORA ROYAL SCHOOL,SCHOOL 
FR2626,PORTORA ROYAL SCHOOL,UK,LIAISON,PORTORA ROYAL SCHOOL,PORTORA ROYAL SCHOOL,SCHOOL 
FR1437,PREMPEH COLLEGE,GH,LIAISON,PREMPEH COLLEGE,PREMPEH COLLEGE,COLLEGE 
FR0270,MYANMAR INSTITUTE OF THEOLOGY,BM,LIAISON,MYANMAR THEOLOGY INSTITUTE,MYANMAR INSTITUTE OF THEOLOGY,INSTITUTE 
FR0272,MYITKYINA UNIVERSITY,BM,LIAISON,MYITKYINA UNIVERSITY,MYITKYINA UNIVERSITY,UNIVERSITY 
FR3322,N.I. PIROGOV MEDICAL UNIVERSITY,UP,LIAISON,N.I. PIROGOV MEDICAL UNIVERSITY,N.I. PIROGOV MEDICAL UNIVERSITY,UNIVERSITY 
FR3325,NAT. UNIVERSITY OF KIEV-MOHYL,UP,LIAISON,NAT. KIEVMOHYL UNIVERSITY,NAT. UNIVERSITY OF KIEV-MOHYL,UNIVERSITY 
FR2631,NATIONAL ACADEMY OF FINE ARTS,NO,LIAISON,NATIONAL FINE ARTS ACADEMY,NATIONAL ACADEMY OF FINE ARTS,ACADEMY 
FR2577,NATIONAL AUTONOMOUS UNIVERSITY - NICARAGUA,NU,LIAISON,NATIONAL AUTONOMOUS NICARAGUA UNIVERSITY,NATIONAL AUTONOMOUS UNIVERSITY - NICARAGUA,UNIVERSITY 
FR1484,NATIONAL AUTONOMOUS UNIVERSITY OF HONDURAS,HO,LIAISON,NATIONAL AUTONOMOUS HONDURAS UNIVERSITY,NATIONAL AUTONOMOUS UNIVERSITY OF HONDURAS,UNIVERSITY 
FR2815,NATIONAL COLLEGE ANDREI SAGUNA,RO,LIAISON,NATIONAL ANDREI SAGUNA COLLEGE,NATIONAL COLLEGE ANDREI SAGUNA,COLLEGE 
